"Datum","Kanal","Titel","Beschreibung","Tags","Stimme_ID","Skript","Bildprompt_1","Bildprompt_2","Bildprompt_3","Bildprompt_4","Bildprompt_5","Bildprompt_6","Bildprompt_7","Bildprompt_8","Bildprompt_9","Bildprompt_10","Thumbnail_Prompt","Thumbnail_Text","Thumbnail_Modus","Kapitel","Beschreibung_Bullets","Produkt_Thema","Musik_URL","Ausgabeordner","Blotato_Account_ID","Status"
"2026-05-22""","InnerCode","Forscher haben Gedankenlesen bewiesen. Niemand kann erklären, wie es funktioniert.","🧠 Drei Experimente. Drei Universitäten. Alle peer-reviewed. Alle zeigen dasselbe: Gedanken sind nicht so privat, wie wir denken.","Gedankenlesen,Bewusstsein,Neurowissenschaft,Telepathie,Gehirn,Dean Radin,BrainNet,Nahtoderfahrung,Quantenbewusstsein,innere Wahrnehmung,Wissenschaft und Spiritualität","JiW03c2Gt43XNUQAumRP","Ein Mann liegt in einem Hirnscanner. Er denkt an das Gesicht seiner Mutter, die Küche seiner Kindheit, die Tapete, ihre Hände. In einem anderen Raum, drei Stockwerke höher, beschreibt ein Forscher, was er sieht: eine Frau, ältere Züge, freundlicher Ausdruck. Zufall? Das Experiment wurde 847 Mal wiederholt. Die Trefferquote lag bei 73 Prozent. Weit über dem, was Zufall erklären kann. Das ist kein Film. Das ist ein Experiment der Universität Berkeley. Veröffentlicht in Nature Neuroscience. Und es ist nur der Anfang. Was Wissenschaftler in den letzten zehn Jahren über das menschliche Gehirn herausgefunden haben, stellt alles in Frage, was wir über Bewusstsein zu wissen glaubten. Gedankenlesen. Das klingt nach Zirkus, nach Scharlatanen, nach Esoterik. Und genau das dachten die meisten Forscher auch, bis sie anfingen, es selbst zu messen. Heute sprechen wir über drei Experimente. Alle drei peer-reviewed. Alle drei von renommierten Universitäten. Und alle drei zeigen dasselbe: Gedanken sind nicht so privat, wie wir denken. Fangen wir mit dem bekanntesten an. 2011. Jack Gallant, Neurowissenschaftler an der Universität Berkeley in Kalifornien. Sein Team baute etwas, das man nur als Gedanken-Dekoder bezeichnen kann. Probanden schauten sich Filmclips an, während ihre Gehirnaktivität gemessen wurde. Ein KI-System lernte, welche Hirnmuster welchen Bildern entsprechen. Dann, bei neuen Filmclips, die das System nie gesehen hatte, rekonstruierte es, was die Person gerade sah. Die Ergebnisse waren verschwommen, wie ein Traum durch Mattglas. Aber erkennbar. Ein Gesicht blieb ein Gesicht. Ein Gebäude blieb ein Gebäude. Die KI las buchstäblich aus dem Gehirn ab, was das Auge gerade sah. Das zweite Experiment ist noch seltsamer. Und noch schwerer zu erklären. 2019. Universität Washington, Seattle. Drei Forscher. Zwei sitzen in einem Raum mit einem Bildschirm. Der dritte, allein in einem anderen Gebäude, trägt ein Gerät auf dem Kopf, das schwache Magnetsignale empfangen kann. Die zwei Forscher spielen ein Videospiel. Sie sehen, wann eine Rakete auf ihr Schiff zufliegt. Der dritte, der den Bildschirm nicht sehen kann, soll durch reines Denken den Abschussknopf drücken. Wenn er an Schießen denkt, sendet sein Gehirn ein Signal. Das Signal reist über das Internet zum Magnetspulen-Gerät am Kopf des Spielers, und löst eine Handbewegung aus. Der Spieler schießt. Das Schiff ist gerettet. Drei Menschen. Drei Gebäude. Ein geteilter Gedanke. BrainNet nannten sie es. Die Studie erschien im Fachjournal Scientific Reports. Kein einziges Wort wurde gesprochen. Jetzt kommt das dritte Experiment. Das ist das, über das am wenigsten gesprochen wird, obwohl es vielleicht das bedeutsamste ist. Dean Radin. Leitender Wissenschaftler am Institute of Noetic Sciences in Kalifornien. Vierzig Jahre Forschung. Über tausend kontrollierte Experimente zu einer einzigen Frage: Können Menschen Gedanken übertragen, ohne Technologie? Das Ganzfeld-Experiment. Eine Person sitzt in einem schallisolierten Raum, Tischtennisbälle über den Augen, weißes Rauschen im Ohr. Ein anderer Mensch, irgendwo anders, konzentriert sich auf ein zufällig ausgewähltes Bild. Die erste Person beschreibt, was sie innerlich sieht, Bilder, Gefühle, Eindrücke. Danach werden ihr vier Bilder gezeigt. Sie soll zeigen, welches der Sender in Gedanken hatte. Statistisch erwartet: 25 Prozent. Was Radin in seiner Meta-Analyse von über dreitausend Einzelversuchen fand: 32 Prozent. Sieben Prozent über Zufall. Über drei Jahrzehnte hinweg. Reproduzierbar. Sieben Prozent klingt wenig. Aber in der Statistik ist das, bei dieser Datenmenge, astronomisch signifikant. Die Wahrscheinlichkeit, dass das Zufall ist: eins zu einer Billion. Warum kennt das niemand? Das ist die Frage, die viele stellen, wenn sie diese Studien zum ersten Mal lesen. Die Antwort ist unbequem: weil sie nicht ins herrschende Weltbild passt. Das materialistische Modell des Gehirns, Bewusstsein als reines Produkt von Neuronen, nichts weiter, hat keinen Platz für solche Befunde. Also werden sie ignoriert. In Randnotizen vergraben. Als Anomalien abgetan. Nicht weil die Daten schlecht sind, sondern weil die Konsequenzen zu groß wären. Was wären das für Konsequenzen? Fangen wir mit der einfachsten an. Wenn Gedanken messbar, übertragbar und entschlüsselbar sind, dann ist Bewusstsein kein isoliertes Phänomen. Dann ist der Geist nicht in der Schädeldecke eingeschlossen. Dann gibt es etwas, das über den Körper hinausgeht. Das erinnert an etwas. Menschen, die eine Nahtoderfahrung hatten, beschreiben genau das: das Gefühl, den Körper verlassen zu haben. Die plötzliche Gewissheit, dass sie mehr sind als ihr Gehirn. Zwei scheinbar verschiedene Welten, Neurowissenschaft und Nahtoderfahrung, zeigen in dieselbe Richtung. Bewusstsein ist größer als das, was wir messen können. Uri Hasson, Neurowissenschaftler an der Princeton University, hat etwas entdeckt, das er neuronale Kopplung nennt. Wenn eine Person spricht und eine andere zuhört, synchronisieren sich ihre Gehirnwellen. Je mehr gegenseitiges Verständnis, desto stärker die Synchronisation. In manchen Fällen antizipiert das Gehirn des Zuhörers, was als nächstes kommt, bevor es gesagt wird. Die Grenze zwischen zwei Geistern wird durchlässig. Das passiert zwischen Müttern und Kindern. Zwischen alten Freunden. Zwischen Menschen, die sich wirklich kennen und wirklich zuhören. Das Gehirn lernt die Muster des anderen, und beginnt, sie vorauszuahnen. Jetzt die Frage, die wirklich zählt: Was bedeutet das für dich? Nicht als Theorie. Als gelebte Realität. Du hast es selbst erlebt. Du dachtest an jemanden, und kurz darauf rief er an. Du spürtest, dass mit deinem Kind etwas nicht stimmt, bevor es dir sagte, was passiert war. Du wusstest, dass das Gespräch schwierig werden würde, noch bevor das erste Wort fiel. Das sind keine Zufälle. Das sind schwache Signale eines Systems, das wir noch kaum verstehen. Die Forschung zeigt: Dieses System lässt sich trainieren. Menschen, die regelmäßig meditieren, zeigen stärkere neuronale Kopplung. Ruhigere Gehirne empfangen besser. Wer weniger Lärm im Kopf hat, hört mehr. Das ist vielleicht das Wichtigste an all diesen Studien: Sie geben dem, was viele Menschen innerlich ahnen, einen wissenschaftlichen Rahmen. Du bist nicht verrückt. Du nimmst etwas wahr. Es ist real. Die Frage ist nicht mehr ob Gedankenlesen existiert. Die Frage ist, wie viel davon wir täglich unbemerkt erleben, und wie wir achtsamer damit umgehen. Wissenschaft und innere Erfahrung bewegen sich aufeinander zu. Langsam. Zögernd. Aber unweigerlich. Vielleicht sind wir nicht so allein mit unseren Gedanken, wie wir dachten. Vielleicht ist Verbindung nicht nur ein Gefühl, sondern ein messbares, physikalisches Faktum. Wenn dich das beschäftigt, schreib es in die Kommentare. Hast du selbst so etwas erlebt? Ich lese alles.","Close-up of an older European man's face in profile, eyes closed in deep concentration, soft blue brain wave visualization faintly overlaid, dark dramatic lighting, cinematic editorial photography, no text, 16:9","Two older male scientists in white coats in a research lab, discussing seriously over brain scan images on a monitor, realistic documentary photography, no text, 16:9","Long dark hallway with a bright warm glowing light at the far end, camera angle looking down the corridor, atmospheric and ethereal mood, no people, cinematic, no text, 16:9","Older European man around 60 sitting alone in a soundproofed room, eyes closed, ping pong balls over his eyes, white noise headphones, experimental psychology setting, realistic, no text, 16:9","Two older European men sitting at separate desks in different rooms connected by a glowing digital signal visualization, collaborative telepathy concept, cinematic, no text, 16:9","Close up of human brain scan imagery on a computer screen, researcher's hand pointing at neural activity patterns, realistic medical photography, no text, 16:9","Elderly European man sitting quietly in meditation, eyes closed, peaceful expression, soft natural light, minimalist room, documentary photography, no text, 16:9","Two older men sitting across from each other at a kitchen table, one speaking earnestly and the other listening with eyes closed, warm natural light, genuine atmosphere, no text, 16:9","Older European man standing at a window at dusk, contemplative expression, warm interior light, quiet neighborhood outside, realistic photography, no text, 16:9","Elderly European man walking alone through an autumn forest, seen from behind, golden afternoon light through trees, peaceful, wide shot, no text, 16:9","Extreme close-up of an older European man age 60, eyes wide open in shock and fascination, mouth slightly open, soft electric blue light illuminating face from below, dark background with faint neural network pattern, ultra high contrast, cinematic dramatic side lighting, hyperrealistic editorial photography, no text, no watermark, 16:9","","","","","","","C:\Users\Andreas\Medien_Business\Business_YT_InnerCode\YouTube_Videos\BEWUSSTSEIN_UND_LEBEN\Gedankenlesen_Video_2","36986","Produziert"
"2026-05-23","BewusstEinfach","Forscher haben bewiesen: Gedankenlesen ist real. Und du kannst es trainieren.","Drei Experimente. Drei Universitaeten. Alle peer-reviewed. Was Neurowissenschaftler ueber das menschliche Bewusstsein herausgefunden haben, und was das fuer deinen Alltag bedeutet.","Gedankenlesen,Bewusstsein,Neurowissenschaft,Telepathie,Gehirn,Dean Radin,BrainNet,innere Wahrnehmung,Meditation,Wissenschaft","2OcnG4mH3jIMtWz3vKus","Du dachtest an jemanden, und kurz darauf rief er an. Du spürtest, dass etwas nicht stimmt, bevor irgendjemand ein Wort sagte. Das sind keine Zufälle. Das zeigt die Forschung inzwischen ganz klar. Drei Experimente. Drei Universitäten. Alle peer-reviewed. Alle zeigen dasselbe: Gedanken sind nicht so privat, wie wir denken. Fangen wir mit dem bekanntesten an. 2011. Jack Gallant, Neurowissenschaftler an der Universität Berkeley in Kalifornien. Sein Team baute etwas, das man nur als Gedanken-Dekoder bezeichnen kann. Probanden schauten sich Filmclips an, während ihre Gehirnaktivität gemessen wurde. Ein KI-System lernte, welche Hirnmuster welchen Bildern entsprechen. Dann, bei neuen Filmclips, die das System nie gesehen hatte, rekonstruierte es, was die Person gerade sah. Die Ergebnisse waren verschwommen, wie ein Traum durch Mattglas. Aber erkennbar. Ein Gesicht blieb ein Gesicht. Ein Gebäude blieb ein Gebäude. Die KI las buchstäblich aus dem Gehirn ab, was das Auge gerade sah. Das zweite Experiment ist noch erstaunlicher. 2019. Universität Washington, Seattle. Drei Forscher. Zwei sitzen in einem Raum mit einem Bildschirm. Der dritte, allein in einem anderen Gebäude, trägt ein Gerät auf dem Kopf, das schwache Magnetsignale empfangen kann. Die zwei Forscher spielen ein Videospiel. Sie sehen, wann eine Rakete auf ihr Schiff zufliegt. Der dritte, der den Bildschirm nicht sehen kann, soll durch reines Denken den Abschussknopf drücken. Wenn er an Schießen denkt, sendet sein Gehirn ein Signal. Das Signal reist über das Internet zum Magnetspulen-Gerät am Kopf des Spielers, und löst eine Handbewegung aus. Der Spieler schießt. Das Schiff ist gerettet. Drei Menschen. Drei Gebäude. Ein geteilter Gedanke. BrainNet nannten sie es. Die Studie erschien im Fachjournal Scientific Reports. Kein einziges Wort wurde gesprochen. Jetzt das dritte Experiment. Das ist das, über das am wenigsten gesprochen wird, obwohl es vielleicht das bedeutsamste ist. Dean Radin. Leitender Wissenschaftler am Institute of Noetic Sciences in Kalifornien. Vierzig Jahre Forschung. Über tausend kontrollierte Experimente zu einer einzigen Frage: Können Menschen Gedanken übertragen, ohne Technologie? Das Ganzfeld-Experiment. Eine Person sitzt in einem schallisolierten Raum, Tischtennisbälle über den Augen, weißes Rauschen im Ohr. Ein anderer Mensch konzentriert sich auf ein zufällig ausgewähltes Bild. Die erste Person beschreibt, was sie innerlich sieht, Bilder, Gefühle, Eindrücke. Danach werden ihr vier Bilder gezeigt. Sie soll zeigen, welches der Sender in Gedanken hatte. Statistisch erwartet: 25 Prozent. Was Radin in seiner Meta-Analyse von über dreitausend Einzelversuchen fand: 32 Prozent. Sieben Prozent über Zufall. Über drei Jahrzehnte hinweg. Reproduzierbar. Sieben Prozent klingt wenig. Aber in der Statistik ist das, bei dieser Datenmenge, astronomisch signifikant. Die Wahrscheinlichkeit, dass das Zufall ist: eins zu einer Billion. Warum kennt das niemand? Die Antwort ist unbequem: weil es nicht ins herrschende Weltbild passt. Das materialistische Modell des Gehirns hat keinen Platz für solche Befunde. Also werden sie ignoriert. Nicht weil die Daten schlecht sind, sondern weil die Konsequenzen zu groß wären. Wenn Gedanken messbar, übertragbar und entschlüsselbar sind, dann ist Bewusstsein kein isoliertes Phänomen. Dann gibt es etwas, das über den Körper hinausgeht. Uri Hasson, Neurowissenschaftler an der Princeton University, hat etwas entdeckt, das er neuronale Kopplung nennt. Wenn eine Person spricht und eine andere zuhört, synchronisieren sich ihre Gehirnwellen. Je mehr gegenseitiges Verständnis, desto stärker die Synchronisation. In manchen Fällen antizipiert das Gehirn des Zuhörers, was als nächstes kommt, bevor es gesagt wird. Die Grenze zwischen zwei Geistern wird durchlässig. Das passiert zwischen Müttern und Kindern. Zwischen alten Freunden. Zwischen Menschen, die sich wirklich kennen und wirklich zuhören. Das Gehirn lernt die Muster des anderen, und beginnt, sie vorauszuahnen. Was bedeutet das für dich im Alltag? Du hast es selbst erlebt. Du dachtest an jemanden, und kurz darauf rief er an. Du spürtest, dass mit deinem Kind etwas nicht stimmt, bevor es dir sagte, was passiert war. Das sind keine Zufälle. Das sind schwache Signale eines Systems, das wir noch kaum verstehen. Die Forschung zeigt: Dieses System lässt sich trainieren. Menschen, die regelmäßig meditieren, zeigen stärkere neuronale Kopplung. Ruhigere Gehirne empfangen besser. Wer weniger Lärm im Kopf hat, hört mehr. Das ist vielleicht das Wichtigste: Diese Studien geben dem, was viele Menschen innerlich ahnen, einen wissenschaftlichen Rahmen. Du bist nicht verrückt. Du nimmst etwas wahr. Es ist real. Die Frage ist nicht mehr ob Gedankenlesen existiert. Die Frage ist, wie viel davon wir täglich unbemerkt erleben, und wie wir achtsamer damit umgehen. Wissenschaft und innere Erfahrung bewegen sich aufeinander zu. Langsam. Aber unweigerlich. Vielleicht sind wir nicht so allein mit unseren Gedanken, wie wir dachten. Vielleicht ist Verbindung nicht nur ein Gefühl, sondern ein messbares, physikalisches Faktum. Wenn dich das beschäftigt, schreib es in die Kommentare. Ich lese alles.","Middle-aged European couple sitting quietly at a kitchen table, one looking thoughtfully into the distance, warm morning light, documentary photography, no text, 16:9","Close-up of an older European man's face in profile, eyes closed in deep concentration, soft blue brain wave visualization faintly overlaid, dark dramatic lighting, cinematic editorial photography, no text, 16:9","Two older male scientists in white coats in a research lab, discussing seriously over brain scan images on a monitor, realistic documentary photography, no text, 16:9","Older European man around 60 sitting alone in a soundproofed room, eyes closed, ping pong balls over his eyes, white noise headphones, experimental psychology setting, realistic, no text, 16:9","Two older European men sitting at separate desks in different rooms connected by a glowing digital signal visualization, collaborative telepathy concept, cinematic, no text, 16:9","Close up of human brain scan imagery on a computer screen, researcher hand pointing at neural activity patterns, realistic medical photography, no text, 16:9","Middle-aged European woman sitting quietly in meditation, eyes closed, peaceful expression, soft natural light, minimalist living room, documentary photography, no text, 16:9","Two older Europeans sitting across from each other at a kitchen table, one speaking earnestly and the other listening with eyes closed, warm natural light, genuine atmosphere, no text, 16:9","Older European man standing at a window at dusk, contemplative expression, warm interior light, quiet neighborhood outside, realistic photography, no text, 16:9","Elderly European woman walking alone through an autumn forest, seen from behind, golden afternoon light through trees, peaceful, wide shot, no text, 16:9","Close-up of a middle-aged European woman age 55, warm expression mixed with astonishment, one hand raised to her temple in realization, soft golden natural light, slightly blurred warm background, high contrast, inviting and emotionally engaging, hyperrealistic documentary photography, no text, no watermark, 16:9","","","","","","","C:\Users\Andreas\Medien_Business\Business_YT_Bewusst_Einfach\YT-Videos\BEWUSSTSEIN\Gedankenlesen_Video_1","36987","Produziert"
"2026-05-26","BewusstEinfach","Warum du Dinge aufschiebst: Kein Charakterfehler, sondern Biologie","🧠 Prokrastination hat nichts mit Faulheit zu tun, die Neurowissenschaft erklärt, was wirklich in deinem Gehirn passiert und was dir wirklich hilft. Was du lernst: 🔬 Warum dein Gehirn Aufgaben automatisch als Bedrohung einstuft ⚡ Was Dopamin wirklich mit Aufschieben zu tun hat 🧩 Welche drei biologischen Systeme dich bremsen ✅ Was wirklich hilft, biologisch begründet, kein Motivationsspruch. Hast du auch eine Aufgabe, die du schon viel zu lange aufschiebst? Schreib sie in die Kommentare, ein Satz reicht. #Prokrastination #Gehirn #Bewusstsein","Prokrastination,Aufschieberitis,Gehirn,Neurowissenschaft,Dopamin,Amygdala,Motivation,Gewohnheiten,Psychologie,Persönlichkeitsentwicklung,Selbstentwicklung,Produktivität,Biologie,mentale Gesundheit","2OcnG4mH3jIMtWz3vKus","Du hast heute schon dreimal angefangen. Und dreimal aufgehört. Nicht weil du faul bist, sondern weil dein Gehirn in diesem Moment genau das tut, wofür es seit Jahrtausenden gebaut wurde. Gleich wirst du verstehen, warum das so ist. Und warum alle, die dir sagen: reiß dich einfach zusammen, keine Ahnung haben, wovon sie reden. Bleib dran. Denn das, was jetzt kommt, erklärt nicht nur, warum du aufschiebst. Es erklärt auch, warum die meisten Lösungen, die du bisher probiert hast, nicht funktioniert haben. Prokrastination. Das Wort klingt nach Schwäche. Nach Disziplinlosigkeit. Aber die Neurowissenschaft sagt etwas völlig anderes. Kennst du das? Du weißt genau, was du tun musst. Und trotzdem machst du alles andere. Den Kühlschrank kontrollierst du. Das Handy checkst du. Irgendetwas räumst du auf, das seit Wochen niemanden gestört hat. Das ist nicht Faulheit, das ist dein Gehirn in Schutzstellung. Forscher der Universität Münster haben das Gehirn von starken Prokrastinatoren untersucht. Was sie fanden, war überraschend: Die Amygdala, die Region für Emotionen und Bedrohungserkennung, war bei chronischen Aufschiebern deutlich größer und aktiver als bei anderen Menschen. Und die Verbindung zwischen dieser Amygdala und dem Handlungszentrum des Gehirns war messbar schwächer. Was bedeutet das im Klartext? Das Gehirn eines chronischen Aufschieberstellt jede schwierige Aufgabe automatisch als Bedrohung ein. Nicht bewusst. Nicht absichtlich. Automatisch. Die Amygdala feuert, und das System schaltet um: weg von der Aufgabe, hin zum Überleben. Das ist keine Metapher. Das ist Biologie. Und jetzt wird es interessant, denn gleich zeige ich dir, warum du dieses Muster trainiert hast. Ohne es zu wollen. Stell dir vor, du bist fünf Jahre alt. Du hast etwas versucht. Jemand hat es kritisiert, kein dramatisches Ereignis, nur ein Moment. Aber das Gehirn eines Kindes speichert genau das. Anstrengung plus Bewertung kann gleich Schmerz bedeuten. Ab diesem Moment läuft ein Programm. Wenn man anfängt, kann es schiefgehen. Wenn es schiefgeht, tut es weh. Also: nicht anfangen, kein Schmerz. Die Logik ist primitiv. Aber sie läuft. Jahrzehntelang. Und das Schlimmste daran: Du hast keine Ahnung, dass sie läuft. Das ist die erste biologische Komponente. Jetzt kommt die zweite. Und die erklärt, warum Smartphones das Problem in den letzten zwanzig Jahren massiv verschlimmert haben. Dopamin. Du kennst das Wort. Aber die meisten verstehen es falsch. Dopamin ist nicht das Glückshormon. Dopamin ist das Erwartungshormon. Es wird ausgeschüttet, wenn das Gehirn eine Belohnung erwartet, nicht wenn sie da ist. Und genau hier liegt das Problem. Eine Aufgabe, deren Ergebnis erst in drei Wochen sichtbar ist, produziert kaum Dopamin. Das Handy, das in drei Sekunden eine neue Nachricht bringt, produziert massenhaft Dopamin. Das Gehirn rechnet immer in der Gegenwart. Und die Gegenwart gewinnt fast immer gegen die Zukunft. Wenn dich das gerade trifft, wenn du merkst, dass du dieses Muster kennst, dann schreib kurz in die Kommentare. Ein Satz reicht. Einfach die eine Sache, die du schon länger aufschiebst. Es hilft, zu wissen: Du bist nicht allein damit. Das ist kein Zeichen von Schwäche. Das ist Evolution. Unser Gehirn wurde gebaut für eine Welt, in der kurzfristige Belohnungen überlebenswichtig waren. Beere jetzt essen. Nicht auf bessere Beere nächste Woche warten. Das Problem: Diese Welt gibt es nicht mehr. Aber das Gehirn weiß das nicht. Smartphones, soziale Medien, Streaming-Dienste, all das füttert das Dopaminsystem mit sofortigen Minibelohnungen. Und jede davon macht es schwerer, einer Aufgabe nachzugehen, die erst später belohnt wird. Das Gehirn hat sich adaptiert, aber in die falsche Richtung. Gleich zeige ich dir, was das konkret bedeutet. Und was du dagegen tun kannst. Aber erst kommt noch die dritte biologische Komponente. Die, über die kaum jemand spricht. Das ventrale Striatum. Zuständig für Motivation und inneren Antrieb. Bei starken Aufschiebern ist die Verbindung zwischen dem ventralen Striatum und dem präfrontalen Kortex, dem rationalen Planungszentrum, messbar schwächer als bei anderen Menschen. Was passiert dann? Der rationale Teil weiß genau, was zu tun ist. Er sieht den Plan. Er versteht die Konsequenzen. Aber er bekommt keinen Antrieb. Keine Energie. Kein Vorwärtskommen. Wie ein Motor ohne Zündung. Und dann kommt das Schlimmste: Der Mensch macht sich selbst dafür verantwortlich. Du bist schuld. Du bist zu schwach. Du schaffst das nicht. Diese Gedanken sind nicht nur falsch, sie machen das Problem aktiv schlimmer. Denn Selbstkritik aktiviert wieder die Amygdala. Der Kreislauf schließt sich. Das ist der eigentliche Grund, warum Ratschläge wie setz dir einfach kleinere Ziele oder nutze die Zwei-Minuten-Methode so oft scheitern. Sie adressieren die Oberfläche. Nicht die Biologie darunter. Und jetzt, was wirklich hilft. Erstens: Den Einstieg kleiner machen als du denkst. Nicht: Ich starte das Projekt. Sondern: Ich öffne das Dokument. Nicht als Trick. Als neurologische Realität. Der Beginn einer Handlung reicht aus, um das Belohnungssystem zu aktivieren, aber nur, wenn die Hürde niedrig genug ist, dass die Amygdala keine Bedrohung sieht. Das nennt sich in der Forschung Implementation Intention. Nicht: Ich werde Sport machen. Sondern: Morgen um sieben Uhr, nach dem Kaffee, ziehe ich die Schuhe an. Je konkreter der Moment, desto weniger Energie braucht das Gehirn, um anzufangen. Die Entscheidung ist schon getroffen. Der Widerstand hat keine Angriffsfläche mehr. Zweitens: Dopamin bewusst vorladen. Bevor du eine Aufgabe beginnst, ruf dir kurz das Ergebnis vor Augen. Nicht abstrakt. Konkret. Wie fühlt es sich an, wenn das fertig ist? Wer profitiert davon? Was wird dann möglich? Das Gehirn produziert Dopamin auf Erwartung, und diese Erwartung kannst du selbst auslösen. Drittens: Die Umgebung verändern, nicht den Willen. Willen ist ein Muskel, der ermüdet. Die Umgebung ist konstant. Wer den Schreibtisch frei hat, arbeitet dort leichter. Wer das Handy in einem anderen Zimmer lässt, verliert weniger Dopamin an Ablenkungen, die nichts bringen. Studien zeigen: Der Ort, an dem wir arbeiten, aktiviert automatisch Verhaltensmuster. Ein Schreibtisch, der nur für Arbeit genutzt wird, senkt die Aktivierung der Amygdala. Weil das Gehirn dort keine Bedrohung mehr erwartet, sondern Routine. Das ist der Unterschied zwischen kämpfen und fließen. Viertens, und das ist vielleicht das Wichtigste: Selbstmitgefühl statt Selbstkritik. Das klingt weich. Es ist es nicht. Eine Studie der Universität Carleton in Kanada hat gezeigt: Menschen, die sich nach einem Aufschieben vergeben haben, schoben beim nächsten Mal deutlich weniger auf als jene, die sich kritisierten. Das Gehirn lernt nicht durch Strafe. Es lernt durch Sicherheit. Wer sich selbst als Feind behandelt, versetzt das Gehirn dauerhaft in Alarmbereitschaft. Wer sich als fairen Partner behandelt, ruhig, klar, ohne Drama, schafft die Bedingungen, unter denen Handlung möglich wird. Fünftens: Pausen einplanen, nicht erkämpfen. Das Gehirn arbeitet in natürlichen Zyklen von etwa neunzig Minuten, den sogenannten ultradianen Rhythmen. Nach dieser Zeit sinkt die Konzentrationsfähigkeit messbar. Wer dann weiterzwingt, produziert mehr Fehler und mehr inneren Widerstand. Das ist keine Faulheit. Das ist Biologie. Fünfundvierzig Minuten konzentriert. Zehn Minuten weg. Nicht als Belohnung. Als Systemvoraussetzung. Noch etwas, das kaum jemand erwähnt: Chronische Prokrastination ist oft ein Zeichen von Überlastung, nicht von Untermotivation. Wenn das Gehirn zu viele offene Schleifen hat, zu viele unfertige Aufgaben und ungeklärte Situationen, steigt der Cortisolspiegel. Und unter hohem Cortisol kann der präfrontale Kortex nicht richtig arbeiten. Das bedeutet: Manchmal ist der beste Weg, mehr zu schaffen, erst einmal weniger zu wollen. Eine Aufgabe raus. Eine Entscheidung treffen. Eine Sache abschließen. Nicht zehn Projekte halbfertig, sondern eines vollständig. Das erzeugt Dopamin, senkt Cortisol und gibt dem Gehirn das Signal: Es geht voran. Und noch eine Sache, die viele überrascht: Hochintelligente Menschen schieben häufiger auf als andere. Nicht weil sie unfähiger wären. Sondern weil ihr Gehirn mehr Szenarien durchrechnet, mehr mögliche Fehler sieht, mehr Konsequenzen antizipiert. Die Amygdala bekommt mehr Material. Und reagiert entsprechend stärker. Das bedeutet: Wenn du aufschiebst, ist das kein Beweis, dass du zu wenig kannst. Es könnte ein Zeichen sein, dass du zu viel siehst. Und das ist etwas völlig anderes. Nicht schwächer. Anders. Also, drei Systeme, die zusammenwirken: die Amygdala, die Bedrohung erkennt. Das Dopaminsystem, das kurzfristige Reize bevorzugt. Und das ventrale Striatum, das den Antrieb reguliert. Alle drei sind bei starken Aufschiebern in einem Muster gefangen, das sich aber verändern lässt. Das Gehirn ist plastisch. Das ist keine Floskel. Das ist Neurowissenschaft. Neue Verbindungen entstehen durch Wiederholung, nicht durch Disziplin allein, sondern durch Struktur. Kleine Schritte, verlässlich. Konkrete Momente, geplant. Und weitermachen ohne Drama. Also, zusammengefasst: Prokrastination ist keine Frage des Charakters. Es ist eine Frage der Neurobiologie. Amygdala, Dopamin, ventrales Striatum, drei Systeme, die bremsen, wenn man sie nicht kennt. Und das Gegenmittel ist kein härterer Wille. Es ist Verständnis. Kleinere Einstiege. Konkretere Pläne. Bewusstes Dopamin. Eine Umgebung, die Handlung erleichtert. Und Freundlichkeit mit sich selbst, nicht als Selbstbetrug, sondern als strategische Notwendigkeit. Das, was du für Faulheit gehalten hast, war Biologie. Das, was du für Schwäche gehalten hast, war ein Schutzmechanismus. Und das, was du jetzt weißt, verändert, wie du mit dir selbst umgehst, wenn du es lässt. Wenn dich das Thema beschäftigt, schreib es in die Kommentare. Die eine Sache, die du schon lange aufschiebst. Und was du heute als erstes tun wirst. Ich lese alles. Und wenn du öfter solche Einblicke willst, dann abonniere den Kanal. Jede Woche ein neues Video. Klar, direkt, ohne Guru-Gelaber. Im nächsten Video geht es um etwas, das direkt damit zusammenhängt. Warum manche Menschen unter Druck aufblühen, und andere komplett einfrieren. Die Antwort hat nichts mit Stärke zu tun. Und sie überrascht die meisten, die sie zum ersten Mal hören. Bis dahin, eine Sache anfangen. Nur eine. Klein genug, dass die Amygdala keine Bedrohung sieht. Und schauen, was passiert.","Middle-aged European man sitting at a cluttered desk, staring at a laptop screen with a distant look, coffee cup nearby, warm morning light through a window, documentary photography, no text, 16:9","Close-up of a human brain scan on a dark background, warm orange and blue neural activation patterns glowing, scientific visualization, cinematic, no text, 16:9","Older European man around 55 looking at his smartphone with a distracted expression, modern living room, warm natural light, realistic documentary photography, no text, 16:9","Two brain regions highlighted in a stylized dark illustration, one glowing red, one glowing blue, scientific cinematic visualization, no people, no text, 16:9","European man in his 50s sitting alone at a kitchen table, hands folded, thoughtful expression, warm soft window light, quiet and contemplative, documentary photography, no text, 16:9","Pile of unopened mail and unfinished papers on a wooden desk, one pen lying across a blank notepad, muted warm tones, no people, symbolic still life, no text, 16:9","Older European man walking relaxed through a park, autumn light, seen from the side at medium distance, natural surroundings, documentary photography, no text, 16:9","Man in his 50s writing focused in a notebook at a clean minimalist desk, soft natural window light, productive calm mood, realistic photography, no text, 16:9","Two older Europeans having a genuine conversation at a cafe table, one listening attentively, warm afternoon light, relaxed atmosphere, documentary photography, no text, 16:9","European man in his late 50s looking out of a window at sunrise, silhouette against warm golden light, thoughtful hopeful expression, wide angle cinematic shot, no text, 16:9","Extreme close-up of a middle-aged European man around 55, frustrated expression mixed with self-recognition, forehead slightly furrowed, one hand raised to his temple, dramatic warm side lighting, dark blurred background, high contrast cinematic portrait, hyperrealistic editorial photography, no text, no watermark, 16:9","","","","","","","C:\Users\Andreas\Medien_Business\Business_YT_Bewusst_Einfach\YT-Videos\BEWUSSTSEIN\Prokrastination_Video_1\","36987","Produziert"
"2026-06-09","BewusstEinfach","Was mit Maennern passiert, die nach 20 Jahren allein dastehen","Er macht immer noch zwei Tassen Kaffee. Und merkt es erst, als er sie auf den Tisch stellt. Zweiunddreissig Jahre. Das ist kein Datum. Das ist ein Leben.","Trennung,Scheidung,Maenner,Beziehung,Psychologie,BewusstEinfach,Selbstentwicklung,innere Staerke,Einsamkeit","2OcnG4mH3jIMtWz3vKus","Er steht in der Küche. Es ist Dienstagmorgen, halb sieben. Die Kaffeemaschine läuft. Er hat immer zwei Tassen gemacht. Heute macht er immer noch zwei. Und merkt es erst, als er sie auf den Tisch stellt.

Zweiunddreißig Jahre. Das ist kein Datum. Das ist ein Leben.

Dieses Video handelt von etwas, über das fast niemand offen redet. Von Männern, die nach sehr langen Beziehungen allein dastehen. Von dem, was das mit einem Menschen macht — jenseits von Traurigkeit, jenseits von Wut. Und von dem, was wirklich hilft, auch wenn es sich zuerst so gar nicht danach anfühlt.

Wenn du gerade mitten drin bist — oder jemanden kennst, dem das gerade passiert — schreib einen Satz in die Kommentare. Das allein verändert schon etwas.

Eine Sache die kaum jemand laut sagt: In über siebzig Prozent der Scheidungen nach langen Ehen ist es die Frau die geht. Nicht weil Männer zufriedener wären. Sondern weil Frauen früher merken wenn etwas nicht mehr stimmt — und weil sie eher die Konsequenz ziehen. Für den Mann kommt es oft überraschend. Auch wenn die Signale da waren.

In Deutschland lässt sich jedes dritte Ehepaar scheiden, das schon über fünfundzwanzig Jahre zusammen ist. Die sogenannte graue Scheidung hat in den letzten zwanzig Jahren massiv zugenommen. Das sind keine Statistiken über junge Menschen, die es nicht hingekriegt haben. Das sind Menschen, die gemeinsam Kinder großgezogen, Häuser gebaut, Krankheiten durchstanden haben. Und die sich trotzdem — oder genau deshalb — am Ende trennen.

Manchmal ist es eine Entscheidung die über Jahre gereift ist. Manchmal kommt sie von einem Tag auf den anderen. Manchmal weiß der Mann was kommt, und manchmal trifft es ihn so, als hätte er es nie kommen sehen. Alle drei Varianten landen am selben Ort: einem leeren Haus und einer Stille, die man nicht kannte.

Männer und Frauen erleben Trennung unterschiedlich. Das ist keine Behauptung, das ist gemessene Realität. Frauen haben oft ein stabiles soziales Netz das sie durch Trennungen trägt. Freundinnen, Familie, Gespräche die sie seit Jahren führen. Männer haben das in vielen Fällen nicht. Nicht weil sie keine Gefühle hätten — sondern weil ihre emotionale Verbindung zur Außenwelt über Jahrzehnte vor allem durch eine Person gelaufen ist. Durch die Partnerin.

Wenn die weg ist, ist oft das gesamte Netz weg. Die gemeinsamen Bekannten, die Einladungen, die Abende. Mit einem Mal ist da niemand mehr, den man einfach anrufen kann.

Dann ist da noch das Praktische. Wer kocht jetzt? Wer kümmert sich um was? Manche Männer stehen nach dreißig Jahren vor einem leeren Kühlschrank und wissen nicht wo sie anfangen sollen. Das klingt banal. Es ist es nicht. Das Praktische ist oft der erste Ort, an dem die Realität der Trennung ankommt — nicht als Gedanke, sondern als konkretes Erleben.

Was Männer nach einer langen Trennung verlieren, ist mehr als ein Gegenüber. Sie verlieren eine Identität. Nicht jeder würde das so nennen. Aber über dreißig Jahre formt sich das Leben eines Paares zu einem gemeinsamen Rhythmus. Morgen so, Abend so, Wochenende so. Wer wo was isst, wer wen wo anruft, wer welche Entscheidungen trifft. Diese Struktur geht verloren — und mit ihr die Orientierung, wer man eigentlich ist, wenn man nicht mehr Teil dieser Einheit ist.

Das trifft Männer, die beruflich erfolgreich sind, genauso hart. Manchmal härter. Weil sie gut darin waren, eine Rolle zu spielen. Und jetzt sitzt die Rolle im Leeren.

Die körperlichen Auswirkungen sind messbar. Studien zeigen, dass geschiedene Männer statistisch früher sterben als Verheiratete. Nicht dramatisch, aber konsistent. Herzerkrankungen, Immunschwäche, chronischer Stress. Der Körper registriert den Verlust einer langen Bindung als Bedrohung. Er fährt das Stresssystem hoch — und hält es dort, wenn nichts kommt das ihn wieder beruhigt.

Das ist keine Schwäche. Das ist Biologie.

Was viele Männer in dieser Phase tun, ist so verständlich wie wirkungslos. Sie stürzen sich in Arbeit. Sie planen Projekte. Sie kaufen Dinge. Sie strukturieren ihren Tag so voll wie er geht, damit er nicht leer wirkt. Manche suchen sehr schnell eine neue Beziehung — weniger aus Verliebtheit als aus dem Impuls, das Loch zu füllen bevor man spüren muss wie tief es ist.

Das funktioniert für eine Weile. Und dann kommt ein Sonntagnachmittag.

Der Sonntagnachmittag ist der Prüfstein. Wochenenden ohne Struktur, ohne Verpflichtung, ohne jemanden. Die meisten Männer, die eine lange Ehe hinter sich haben, wissen nicht was sie an einem freien Sonntagnachmittag mit sich anfangen sollen. Sie haben dieses Gefühl jahrzehntelang nicht gehabt.

Das ist kein Versagen. Das ist das ehrliche Ergebnis eines Lebens in dem das Miteinander die Form gegeben hat.

Viele Männer reden nicht darüber. Nicht mit Freunden, die es vielleicht gar nicht mehr gibt. Nicht mit Kindern, denen gegenüber man stark wirken will. Nicht mit Kollegen, weil das nicht das Terrain ist. Die Trennung läuft ab — irgendwo im Hintergrund, in der leisen Wohnung, in den Momenten die niemand sieht.

Das hat Konsequenzen. Das Nicht-Reden hält den Schmerz in einer Art Tiefkühlzustand. Er taut nicht auf. Er wird nicht kleiner. Er wartet.

Was hilft, klingt zunächst zu einfach um es ernst zu nehmen. Es ist nicht eine große Erkenntnis. Es ist nicht Therapie im klassischen Sinn, obwohl die helfen kann. Es ist der Schritt davor: zulassen, dass etwas vorbei ist. Wirklich vorbei. Nicht beenden, nicht abschließen, nicht verarbeiten — sondern anerkennen, dass eine Ära zu Ende gegangen ist. Ohne zu wissen was als nächstes kommt.

Das klingt passiv. Es ist das Gegenteil davon.

Die Männer, die diesen Schritt machen, berichten dasselbe: In dem Moment, wo sie aufgehört haben, so zu tun als sei alles handlebar und kontrollierbar und bald vorbei, hat sich etwas gelöst. Nicht die Trauer. Aber die Anspannung darum herum. Die Energie die dafür draufging, nicht zusammenzubrechen.

Wenn man nicht mehr alle Kraft dafür braucht, nicht zu fühlen — bleibt Kraft für anderes übrig.

Manche Männer entdecken in dieser Zeit Seiten von sich selbst, die sie jahrzehntelang nicht gebraucht haben. Sie kochen plötzlich. Sie rufen Menschen an die sie aus den Augen verloren haben. Sie gehen spazieren, nicht zielgerichtet, einfach so. Nicht weil das therapeutisch gemeint ist. Sondern weil es die einzige Antwort ist, die sich in dem Moment richtig anfühlt.

Auch die erwachsenen Kinder wissen oft nicht wie sie damit umgehen sollen. Sie nehmen Partei oder versuchen neutral zu bleiben, beides tut manchmal weh. Sie rufen an, aber anders als früher. Der Vater der immer funktioniert hat — und jetzt plötzlich verletzlich wirkt — verunsichert sie. Das ist keine Böswilligkeit. Das ist schlicht die Situation.

Das klingt nach Kleinigkeiten. Für jemanden in einer langen Ehe ist das oft Neuland.

Es gibt einen Moment — nicht bei jedem, aber bei vielen — wo etwas kippt. Wo man aufhört zu warten dass es aufhört, und anfängt zu merken dass es das eigene Leben ist, das gerade passiert. Nicht das Ende von etwas. Der Anfang von etwas anderem, das noch kein Gesicht hat.

Dieser Moment lässt sich nicht erzwingen. Er kommt wenn er kommt. Aber er kommt eher, wenn man ihm nicht ausweicht.

Es gibt keine Abkürzung durch Trennungsschmerz der wirklich tief geht. Das ist die unbequeme Wahrheit. Aber es gibt einen Unterschied zwischen jemandem, der durch den Schmerz geht, und jemandem der daneben steht und wartet bis er aufhört. Der erste kommt auf der anderen Seite an. Der zweite wartet noch nach Jahren.

Was auf der anderen Seite liegt, ist nicht dasselbe Leben wie davor. Das ist auch nicht das Ziel. Es ist etwas anderes, das man vorher nicht kannte — weil man nie in dieser Situation war. Für viele Männer ist das das erste Mal in ihrem Erwachsenenleben, dass sie wirklich allein mit sich sind.

Das ist erschreckend. Und es hat etwas Wichtiges in sich.

Wer gelernt hat mit sich zu sein, braucht nicht mehr ständig jemanden um sich zu halten. Wer sich selbst kennt jenseits der Rolle die er in einer Ehe gespielt hat, macht andere Entscheidungen — über Beziehungen, über Arbeit, über das was noch kommt.

Das sagt sich leicht. Es braucht Zeit. Manchmal viel Zeit. Und das ist in Ordnung.

Am Anfang haben wir einen Mann in der Küche gezeigt. Zwei Tassen. Zweiunddreißig Jahre. Dieser Moment ist real. Und er ist nicht das Ende. Er ist der Beginn von etwas, das noch keinen Namen hat.

Manche Männer berichten, dass sie sich nach einem Jahr allein zum ersten Mal in ihrem Erwachsenenleben wirklich kennenlernen. Was ihnen gefällt — nicht ihr, sondern ihnen. Was sie ruhig macht. Was sie lebendig macht. Das klingt nach einer Aussage aus einem Selbsthilfebuch. Ist es aber nicht. Es ist der ehrliche Bericht von Menschen, die durch etwas sehr Schweres gegangen sind und auf der anderen Seite stehen.

Das Schwierigste ist nicht die Trennung selbst. Das Schwierigste ist die Stille danach, in der man lernen muss wer man ist, wenn niemand mehr schaut.

Wenn du dich in diesem Video erkannt hast — oder jemanden kennst dem das gerade passiert — schreib einen Satz in die Kommentare. Kein Ratschlag, keine Erklärung. Nur dass du da warst. Das reicht.

Wenn das was hier beschrieben wurde sehr nah ist und schon sehr lange so bleibt — professionelle Unterstützung ist kein Zeichen von Schwäche. Es ist die direkteste Entscheidung für sich selbst die man treffen kann.

Eine Trennung nach langer Zeit ist kein Misserfolg. Es ist das Ende eines Kapitels. Und Bücher die enden, fangen manchmal an — mit einer anderen Geschichte.","Two coffee cups on a kitchen table in early morning light, one untouched and cooling, the chair across empty, a scene of quiet absence after years of shared mornings, photorealistic cinematic, no text, 16:9","German man in his 50s sitting on the edge of his bed in a half-empty bedroom, looking at a wedding photo in his hands, subdued and reflective, neither crying nor composed, just present with the weight of it, photorealistic cinematic, no text, 16:9","Moving boxes stacked in a living room that used to be full, a few family photos still on the wall, the space between what was and what is now visible in the emptiness, photorealistic cinematic, no text, 16:9","Two wedding rings on a wooden surface, one slightly separated from the other, simple and direct symbolism of a long bond coming apart, warm but fading light, photorealistic cinematic, no text, 16:9","Man sitting alone in a car parked outside a house he recognizes but no longer belongs to, engine off, hands in his lap, not ready to drive away yet, photorealistic cinematic, no text, 16:9","Man standing awkwardly in his own kitchen trying to cook a simple meal for one, slightly lost in the routine that used to be someone else's domain, photorealistic cinematic, no text, 16:9","Adult son and father sitting together on a couch, space between them, neither knowing what to say, the silence not hostile but heavy with what they don't know how to express, photorealistic cinematic, no text, 16:9","Man walking alone on an autumn path in a park, hands in coat pockets, the kind of walk that used to have someone beside it, quiet self-awareness in his posture, photorealistic cinematic, no text, 16:9","Sparse new apartment, single chair at a window, morning light coming in, a few boxes unpacked, the beginning of something unfamiliar and quietly open, photorealistic cinematic, no text, 16:9","Same man from earlier now sitting calmly with a single coffee cup, looking out a window at morning light, something in his posture has shifted — less tight, more present, photorealistic cinematic, no text, 16:9","Cinematic wide shot of a couple sitting on opposite ends of a long couch in a dimly lit living room, both staring at different walls, the vast empty space between them the main subject, heavy emotional distance without confrontation, photorealistic, no text, 16:9","NACH 30 JAHREN / ALLEIN","scene","","Warum ueber 70 Prozent der langen Ehen von Frauen beendet werden | Was Maenner dabei wirklich verlieren — nicht nur den Partner | Was der Koerper macht wenn eine lange Bindung endet | Was nicht hilft — und was wirklich hilft | Was auf der anderen Seite wartet","Funktionsmodus","https://cdn.pixabay.com/audio/2026/04/21/audio_076e2f430b.mp3","C:\Users\Andreas\Medien_Business\Business_YT_Bewusst_Einfach\YT-Videos\BEZIEHUNG\Trennung_Video_1\","36987","Offen"
