Nr,Kategorie,Szene,Für,Bild-Prompt,"Video-Prompt (Image-to-Video, 5 Sek)",Format
1,Reise & Strand,Wassermelone am Strand,Frau,"[Subject]: The person from the attached reference images — identical face, hairstyle and build as shown in the references — wearing a white triangle bikini, joyful open laugh, slightly wet tousled beach hair, sun-kissed skin with freckles, natural skin. [Action]: holding a fresh watermelon slice at chest height with both hands, laughing towards the camera, shoulders relaxed. [Environment]: sunny beach at the water's edge, turquoise sea with soft waves blurred behind, clear summer sky. [Cinematography]: waist-up shot, eye level, 50mm look, f/2.8 shallow depth of field, subject centered, 9:16. [Lighting/Style]: bright direct midday sunlight, sparkling highlights on the water, vibrant candid summer energy. [Technical]: Photorealistic, natural skin texture, face stays consistent with the reference images.","The person laughs naturally and lifts the watermelon slice slightly, hair strands moving in the sea breeze, waves rolling softly in the background, static camera, natural realistic motion, face stays consistent and stable, no morphing.",9:16
2,Reise & Strand,Selfie am Yachthafen,Frau,"[Subject]: The person from the attached reference images — identical face, hairstyle and build as shown in the references — wearing a rust-brown knotted wrap blouse and light denim shorts, sunglasses pushed up on the head, delicate gold necklace, woven straw bag over the shoulder, soft content smile, natural skin. [Action]: taking a selfie with one arm extended towards the camera, the other hand gently touching the cheek, head slightly tilted. [Environment]: wooden marina boardwalk, luxury yachts and boat masts in the background, calm harbor water. [Cinematography]: selfie POV at arm's length, slight high angle, natural phone-camera look, 9:16. [Lighting/Style]: warm afternoon sun, soft golden highlights, effortless vacation luxury vibe, candid and authentic. [Technical]: Photorealistic, natural skin texture, face stays consistent with the reference images.","Subtle handheld selfie movement, the person tilts the head a little and smiles softly into the lens, yachts swaying very gently behind, light reflections moving on the water, natural realistic motion, face stays consistent and stable, no morphing.",9:16
3,Reise & Strand,Infinity-Pool-Ausstieg,Frau,"[Subject]: The person from the attached reference images — identical face, hairstyle and build as shown in the references — in a white string bikini, glowing tanned skin, hair in a loose braided updo, radiant smile towards the camera, natural skin. [Action]: climbing out of an infinity pool holding both chrome ladder rails, body angled towards the camera, water dripping off. [Environment]: rooftop infinity pool with bright turquoise water, white modern hotel architecture and deep blue summer sky behind. [Cinematography]: full-body shot from the pool edge, slight low angle, crisp focus on the subject, 9:16. [Lighting/Style]: intense midday sun, sparkling water reflections, luxury resort summer vibe. [Technical]: Photorealistic, natural skin texture, face stays consistent with the reference images.","Water drips and ripples as the person slowly steps up the ladder, sunlight sparkling on the moving water surface, the smile stays natural, slow gentle push-in, realistic motion, face stays consistent and stable, no morphing.",9:16
4,Fashion & Editorial,Rooftop über der Skyline,Frau,"[Subject]: The person from the attached reference images — identical face, hairstyle and build as shown in the references — in an elegant white one-shoulder crop top and white high-waisted trousers, sleek high bun, thin gold bracelet, calm confident expression, natural skin. [Action]: standing at a glass balcony railing, one hand resting lightly on it, gazing off to the side into the distance. [Environment]: rooftop terrace high above a big city skyline, skyscrapers softly hazy in warm light. [Cinematography]: three-quarter body shot, eye level, 85mm portrait compression, background gently blurred, 9:16. [Lighting/Style]: golden late-afternoon sunlight from the side, soft warm tones, minimalist editorial luxury mood. [Technical]: Photorealistic, natural skin texture, face stays consistent with the reference images.","A light breeze moves the fabric of the top slightly, the person slowly turns the gaze towards the horizon, city haze shimmering softly in the background, slow gentle orbit to the right, calm cinematic pacing, face stays consistent and stable, no morphing.",9:16
5,Food & Café,Mojito-Moment am Meer,Beide,"[Subject]: The person from the attached reference images — identical face, hairstyle and build as shown in the references — in a simple white top, playful sideways glance, flushed sun-kissed cheeks, natural skin. [Action]: leaning on a table close to the camera, sipping a mojito through a straw, eyes glancing mischievously to the side. [Environment]: beach bar table with two more fresh mojitos with mint and crushed ice in the foreground, sea and shoreline softly blurred behind. [Cinematography]: close-up at table level, foreground drinks framing the shot, very shallow depth of field, 9:16. [Lighting/Style]: warm golden-hour glow, backlit hair edges, playful relaxed holiday mood. [Technical]: Photorealistic, natural skin texture, face stays consistent with the reference images.","The person sips slowly through the straw and glances playfully to the side, condensation glistening on the cold glasses, tiny bubbles rising in the drinks, static close-up camera, natural realistic motion, face stays consistent and stable, no morphing.",9:16
6,Reise & Strand,Eis in der Altstadt,Frau,"[Subject]: The person from the attached reference images — identical face, hairstyle and build as shown in the references — wearing a white bikini top and white linen trousers, dark sunglasses, woven straw bag, joyful open laugh, tanned skin, natural skin. [Action]: strolling down the street holding a soft-serve ice cream cone in one hand, mid-laugh, relaxed vacation walk. [Environment]: narrow Mediterranean old-town street with white buildings, a leafy green tree, parked scooters, a glimpse of blue sea at the end of the street. [Cinematography]: three-quarter shot from slightly below eye level, candid street-photography feel, 9:16. [Lighting/Style]: bright sunny midday with soft dappled shadows from the tree, Amalfi-coast summer vibe, candid and authentic. [Technical]: Photorealistic, natural skin texture, face stays consistent with the reference images.","The person walks slowly towards the camera laughing naturally, sunlight and leaf shadows shifting gently across the scene, linen trousers moving with each step, slow smooth pull-back, realistic motion, face stays consistent and stable, no morphing.",9:16
7,Morgenroutine,Erster Kaffee am Fenster,Beide,"[Subject]: The person from the attached reference images — identical face, hairstyle and build as shown in the references — in a soft oversized beige knit sweater, sleepy content half-smile, relaxed morning look, natural skin. [Action]: holding a steaming ceramic mug with both hands, looking out of a large window, leaning against the frame. [Environment]: bright apartment at sunrise, city rooftops outside the window, a plant and books on the windowsill. [Cinematography]: waist-up shot from the side, 50mm look, shallow depth of field, 9:16. [Lighting/Style]: soft golden sunrise light streaming in, calm cozy morning mood. [Technical]: Photorealistic, natural skin texture, face stays consistent with the reference images.","Steam rises slowly from the mug, the person takes a small sip and keeps gazing outside, sunlight shifting softly, static camera, calm realistic motion, face stays consistent and stable, no morphing.",9:16
8,Morgenroutine,Bett-Stretch bei Sonnenaufgang,Beide,"[Subject]: The person from the attached reference images — identical face, hairstyle and build as shown in the references — in a plain white sleep shirt, eyes just opened, natural relaxed expression, natural skin. [Action]: sitting on the edge of the bed stretching both arms upwards, head tilted slightly back. [Environment]: minimal bright bedroom, white linen sheets slightly wrinkled, warm light through sheer curtains. [Cinematography]: three-quarter shot, eye level, soft focus background, 9:16. [Lighting/Style]: dim golden morning light, peaceful quiet mood. [Technical]: Photorealistic, natural skin texture, face stays consistent with the reference images.","The person stretches slowly and lowers the arms with a relaxed exhale, curtains moving gently in a light draft, soft light shifting, static camera, natural motion, face stays consistent and stable, no morphing.",9:16
9,Morgenroutine,Kaltes Wasser ins Gesicht,Beide,"[Subject]: The person from the attached reference images — identical face, hairstyle and build as shown in the references — in a plain grey t-shirt, focused determined expression, water droplets on the face, natural skin. [Action]: splashing cold water into the face over a bathroom sink, hands cupped, mid-splash. [Environment]: clean modern bathroom, large mirror, a folded white towel beside the sink. [Cinematography]: close-up over the shoulder into the mirror, crisp focus on the splash, 9:16. [Lighting/Style]: fresh neutral daylight, energizing determined mood. [Technical]: Photorealistic, natural skin texture, face stays consistent with the reference images.","Water splashes and drips from the hands, the person lifts the head slightly towards the mirror, droplets falling, static camera, crisp realistic motion, face stays consistent and stable, no morphing.",9:16
10,Morgenroutine,Journaling mit Tee,Frau,"[Subject]: The person from the attached reference images — identical face, hairstyle and build as shown in the references — in a cream ribbed loungewear set, hair loosely tied, calm focused expression, natural skin. [Action]: writing in an open journal with a pen, a cup of tea steaming beside the notebook. [Environment]: warm wooden desk by a window, small plant and linen curtain, soft morning glow. [Cinematography]: over-the-shoulder shot onto the journal, shallow depth of field, 9:16. [Lighting/Style]: warm soft window light, mindful quiet mood. [Technical]: Photorealistic, natural skin texture, face stays consistent with the reference images.","The pen moves steadily across the page, steam rises from the tea, the person pauses briefly and continues writing, slow gentle push-in, calm motion, face stays consistent and stable, no morphing.",9:16
11,Morgenroutine,Proteinshake in der Küche,Mann,"[Subject]: The person from the attached reference images — identical face, hairstyle and build as shown in the references — in a fitted black tank top, athletic posture, focused morning energy, natural skin. [Action]: shaking a protein shaker with one hand, standing at the kitchen counter, banana and oats beside. [Environment]: modern bright kitchen, morning sun through the window, clean minimal countertop. [Cinematography]: waist-up shot, slight side angle, crisp focus, 9:16. [Lighting/Style]: fresh morning daylight, energetic disciplined mood. [Technical]: Photorealistic, natural skin texture, face stays consistent with the reference images.","The person shakes the bottle firmly, then sets it down and opens the lid, light steam from a coffee machine behind, static camera, realistic motion, face stays consistent and stable, no morphing.",9:16
12,Morgenroutine,Schnüren der Laufschuhe,Beide,"[Subject]: The person from the attached reference images — identical face, hairstyle and build as shown in the references — in black running tights and a light performance jacket, focused calm expression, natural skin. [Action]: crouching in a hallway tying the laces of running shoes, one knee on the floor. [Environment]: bright apartment hallway, front door slightly open, morning light spilling in. [Cinematography]: low angle close on the shoes and hands, person rising into frame, 9:16. [Lighting/Style]: cool early-morning light, determined start-of-day mood. [Technical]: Photorealistic, natural skin texture, face stays consistent with the reference images.","The hands finish tying the laces, the person stands up and exhales, light shifting through the open door, slow tilt up, natural motion, face stays consistent and stable, no morphing.",9:16
13,Morgenroutine,Balkon-Dehnung,Frau,"[Subject]: The person from the attached reference images — identical face, hairstyle and build as shown in the references — in a sage green yoga set, hair in a loose bun, peaceful expression with closed eyes, natural skin. [Action]: standing on a balcony stretching arms overhead, palms together, chest open. [Environment]: small city balcony with plants, rooftops and soft haze in the background. [Cinematography]: three-quarter shot, eye level, background softly blurred, 9:16. [Lighting/Style]: pastel sunrise sky, serene fresh-air mood. [Technical]: Photorealistic, natural skin texture, face stays consistent with the reference images.","The person breathes visibly and lowers the arms slowly, plants moving gently in the breeze, soft haze drifting, slow push-in, calm motion, face stays consistent and stable, no morphing.",9:16
14,Morgenroutine,Smoothie-Bowl anrichten,Frau,"[Subject]: The person from the attached reference images — identical face, hairstyle and build as shown in the references — in a white linen shirt with sleeves rolled up, fresh natural look, light smile, natural skin. [Action]: sprinkling berries over a colorful smoothie bowl, hands in frame, focused on the food. [Environment]: bright kitchen counter with fruit, chia seeds and a small flower vase. [Cinematography]: top-down to 45-degree angle on the bowl, hands and bowl sharp, 9:16. [Lighting/Style]: clean bright daylight, fresh healthy mood. [Technical]: Photorealistic, natural skin texture, face stays consistent with the reference images.","Berries drop onto the bowl one by one, the person rotates the bowl slightly, a spoon enters the frame, static camera, appetizing realistic motion, face stays consistent and stable, no morphing.",9:16
15,Morgenroutine,Zeitung & Espresso,Mann,"[Subject]: The person from the attached reference images — identical face, hairstyle and build as shown in the references — in a navy polo shirt, relaxed confident expression, freshly groomed look, natural skin. [Action]: sitting at a small table reading a folded newspaper, espresso cup within reach. [Environment]: sunlit balcony of an old-town apartment, wrought-iron railing, terracotta rooftops behind. [Cinematography]: three-quarter shot, slight side angle, 50mm look, 9:16. [Lighting/Style]: warm Mediterranean morning light, unhurried classic mood. [Technical]: Photorealistic, natural skin texture, face stays consistent with the reference images.","The person turns a page calmly and reaches for the espresso, steam rising, curtains fluttering slightly inside, static camera, relaxed motion, face stays consistent and stable, no morphing.",9:16
16,Morgenroutine,Spiegel-Nicken vor dem Tag,Beide,"[Subject]: The person from the attached reference images — identical face, hairstyle and build as shown in the references — in a clean white t-shirt, confident calm expression, natural skin. [Action]: standing in front of a bathroom mirror, giving a short affirming nod to the reflection. [Environment]: bright minimal bathroom, toothbrush cup and small plant by the sink. [Cinematography]: over-the-shoulder mirror shot, reflection sharp, 9:16. [Lighting/Style]: neutral fresh daylight, quiet confidence mood. [Technical]: Photorealistic, natural skin texture, face stays consistent with the reference images.","The person looks into the mirror, nods once slowly and straightens the shoulders, light flickering softly, static camera, subtle motion, face stays consistent and stable, no morphing.",9:16
17,Fitness & Gym,Kreidehände am Rack,Mann,"[Subject]: The person from the attached reference images — identical face, hairstyle and build as shown in the references — in a sleeveless black training shirt, focused intense expression, taped wrists, natural skin. [Action]: clapping chalk off the hands in front of a barbell rack, chalk dust in the air. [Environment]: industrial gym with dark equipment, plates stacked, moody depth behind. [Cinematography]: chest-up shot, slight low angle, chalk dust catching the light, 9:16. [Lighting/Style]: dramatic side lighting with cool tones, gritty focused mood. [Technical]: Photorealistic, natural skin texture, face stays consistent with the reference images.","Chalk dust drifts through the light as the person rubs the hands together and grips the bar, slow push-in, controlled realistic motion, face stays consistent and stable, no morphing.",9:16
18,Fitness & Gym,Yoga-Flow im Studio,Frau,"[Subject]: The person from the attached reference images — identical face, hairstyle and build as shown in the references — in a matching terracotta yoga set, hair in a high ponytail, serene focused expression, natural skin. [Action]: holding a warrior II pose on a cork mat, arms extended, gaze along the front hand. [Environment]: bright minimalist yoga studio, wooden floor, large windows with soft daylight. [Cinematography]: full-body side shot, eye level, clean composition, 9:16. [Lighting/Style]: soft diffused daylight, calm strong mood. [Technical]: Photorealistic, natural skin texture, face stays consistent with the reference images.","The person holds the pose with steady breathing, shifting slowly into the next posture, dust particles floating in the window light, static camera, fluid motion, face stays consistent and stable, no morphing.",9:16
19,Fitness & Gym,Seilspringen Outdoor,Beide,"[Subject]: The person from the attached reference images — identical face, hairstyle and build as shown in the references — in a grey hoodie and black shorts, light sweat, focused athletic expression, natural skin. [Action]: jumping rope on a rooftop court, rope blurred mid-swing, light on the toes. [Environment]: urban rooftop sports court, skyline and fence in the background, morning haze. [Cinematography]: full-body shot, slight low angle, rope motion blur, 9:16. [Lighting/Style]: cool morning light, energetic disciplined mood. [Technical]: Photorealistic, natural skin texture, face stays consistent with the reference images.","The rope whips rhythmically as the person jumps with light quick steps, breath visible in the cool air, static camera, dynamic realistic motion, face stays consistent and stable, no morphing.",9:16
20,Fitness & Gym,Wasserpause auf der Bank,Beide,"[Subject]: The person from the attached reference images — identical face, hairstyle and build as shown in the references — in a sweat-darkened athletic shirt, exhausted satisfied expression, towel around the neck, natural skin. [Action]: sitting on a gym bench drinking from a steel water bottle, elbows on knees. [Environment]: free-weight area softly blurred behind, dumbbells racked in rows. [Cinematography]: chest-up shot, eye level, shallow depth of field, 9:16. [Lighting/Style]: neutral gym lighting with a warm accent, honest post-workout mood. [Technical]: Photorealistic, natural skin texture, face stays consistent with the reference images.","The person drinks, lowers the bottle and exhales deeply, chest rising, a drop of sweat running, static camera, natural motion, face stays consistent and stable, no morphing.",9:16
21,Fitness & Gym,Boxsack-Session,Mann,"[Subject]: The person from the attached reference images — identical face, hairstyle and build as shown in the references — in black boxing wraps and a dark tank top, intense concentrated expression, natural skin. [Action]: landing a controlled punch on a heavy bag, body rotated into the hit. [Environment]: dim boxing gym, chains from the ceiling, dust in the backlight. [Cinematography]: three-quarter shot, dramatic backlight silhouette edge, 9:16. [Lighting/Style]: hard backlight with haze, cinematic fight-camp mood. [Technical]: Photorealistic, natural skin texture, face stays consistent with the reference images.","The bag swings from the impact as the person resets the stance and breathes sharply, chains swaying, dust drifting in the light, static camera, powerful controlled motion, face stays consistent and stable, no morphing.",9:16
22,Fitness & Gym,Laufband am Fenster,Frau,"[Subject]: The person from the attached reference images — identical face, hairstyle and build as shown in the references — in a lilac sports bra and black leggings, steady focused expression, ponytail mid-swing, natural skin. [Action]: running on a treadmill facing a floor-to-ceiling window, mid-stride. [Environment]: modern gym above the city, skyline view through the glass, soft reflections. [Cinematography]: side profile full-body shot, window light wrapping the scene, 9:16. [Lighting/Style]: bright daylight with soft reflections, motivated steady mood. [Technical]: Photorealistic, natural skin texture, face stays consistent with the reference images.","The ponytail swings with each stride, city light shimmering through the glass, steady running rhythm, static camera, smooth realistic motion, face stays consistent and stable, no morphing.",9:16
23,Fitness & Gym,Kettlebell-Setup,Beide,"[Subject]: The person from the attached reference images — identical face, hairstyle and build as shown in the references — in a plain dark training outfit, focused pre-lift expression, natural skin. [Action]: gripping a kettlebell on the floor with both hands, hips back, ready to lift. [Environment]: functional training area, rubber floor, ropes and rings softly blurred. [Cinematography]: low front angle, hands and kettlebell sharp in the foreground, 9:16. [Lighting/Style]: cool even training light, tense focused mood. [Technical]: Photorealistic, natural skin texture, face stays consistent with the reference images.","The grip tightens, the person pulls the kettlebell up in one controlled motion, chalk dust puffing lightly, slow push-in, strong realistic motion, face stays consistent and stable, no morphing.",9:16
24,Fitness & Gym,Dehnen nach dem Lauf,Beide,"[Subject]: The person from the attached reference images — identical face, hairstyle and build as shown in the references — in running gear with a light windbreaker tied around the waist, relaxed tired smile, natural skin. [Action]: stretching one leg on a park bench, leaning towards the toes. [Environment]: green park in the early morning, path and trees softly blurred, a runner passing far behind. [Cinematography]: three-quarter shot, eye level, natural framing, 9:16. [Lighting/Style]: fresh morning light through leaves, healthy balanced mood. [Technical]: Photorealistic, natural skin texture, face stays consistent with the reference images.","The person deepens the stretch slightly and relaxes, leaves moving in the breeze, a jogger passing blurred in the distance, static camera, calm motion, face stays consistent and stable, no morphing.",9:16
25,Fitness & Gym,Umkleide-Fokus,Mann,"[Subject]: The person from the attached reference images — identical face, hairstyle and build as shown in the references — in a zipped track jacket, hood down, calm determined expression, natural skin. [Action]: sitting on a locker-room bench, forearms on knees, gaze down in concentration. [Environment]: clean locker room, metal lockers, a gym bag beside the bench. [Cinematography]: frontal chest-up shot, slightly below eye level, 9:16. [Lighting/Style]: cool overhead light with soft falloff, pre-game focus mood. [Technical]: Photorealistic, natural skin texture, face stays consistent with the reference images.","The person slowly lifts the gaze towards the camera and exhales, jacket fabric shifting subtly, slow push-in, quiet intense motion, face stays consistent and stable, no morphing.",9:16
26,Fitness & Gym,Pilates-Reformer,Frau,"[Subject]: The person from the attached reference images — identical face, hairstyle and build as shown in the references — in an elegant black one-piece training suit, controlled calm expression, natural skin. [Action]: mid-movement on a pilates reformer, legs extended, core engaged. [Environment]: bright boutique studio, light wood, soft shadows, minimal decor. [Cinematography]: full-body side shot, clean lines, shallow depth of field, 9:16. [Lighting/Style]: soft even daylight, precise premium mood. [Technical]: Photorealistic, natural skin texture, face stays consistent with the reference images.","The carriage glides slowly as the person completes the movement with control, springs flexing subtly, static camera, smooth precise motion, face stays consistent and stable, no morphing.",9:16
27,Business & Office,Laptop im Loft-Büro,Beide,"[Subject]: The person from the attached reference images — identical face, hairstyle and build as shown in the references — in a crisp white shirt with rolled sleeves, focused engaged expression, natural skin. [Action]: typing on a laptop at a large wooden desk, second monitor glowing beside. [Environment]: industrial loft office, brick wall, plants and notebooks, daylight from tall windows. [Cinematography]: three-quarter side shot, eye level, shallow depth of field, 9:16. [Lighting/Style]: bright natural daylight, productive calm mood. [Technical]: Photorealistic, natural skin texture, face stays consistent with the reference images.","The person types steadily and glances at the second screen, cursor light flickering subtly, plant leaves moving faintly, slow push-in, focused motion, face stays consistent and stable, no morphing.",9:16
28,Business & Office,Anzug & Espresso to go,Mann,"[Subject]: The person from the attached reference images — identical face, hairstyle and build as shown in the references — in a tailored navy suit with open collar, confident relaxed expression, natural skin. [Action]: walking along a downtown sidewalk holding a paper espresso cup, jacket moving with the step. [Environment]: financial district street, glass facades, blurred pedestrians and taxis. [Cinematography]: three-quarter tracking framing, slight low angle, 9:16. [Lighting/Style]: morning sun between buildings, ambitious city mood. [Technical]: Photorealistic, natural skin texture, face stays consistent with the reference images.","The person walks towards the camera with a steady pace, jacket and tie moving slightly, traffic gliding blurred behind, slow pull-back, confident motion, face stays consistent and stable, no morphing.",9:16
29,Business & Office,Whiteboard-Pitch,Beide,"[Subject]: The person from the attached reference images — identical face, hairstyle and build as shown in the references — in a smart casual knit blazer, animated engaged expression, natural skin. [Action]: sketching a rising chart on a whiteboard with a marker, mid-gesture towards the graph. [Environment]: modern meeting room, glass walls, two colleagues blurred in the foreground. [Cinematography]: over-the-shoulder of the audience, presenter sharp, 9:16. [Lighting/Style]: bright office light, energetic collaborative mood. [Technical]: Photorealistic, natural skin texture, face stays consistent with the reference images.","The marker draws a confident upward line, the person turns towards the audience and gestures, colleagues nodding blurred, static camera, lively motion, face stays consistent and stable, no morphing.",9:16
30,Business & Office,Fensterblick im Hochhaus,Beide,"[Subject]: The person from the attached reference images — identical face, hairstyle and build as shown in the references — in a dark turtleneck, thoughtful calm expression, arms loosely crossed, natural skin. [Action]: standing at a floor-to-ceiling office window, looking down over the city. [Environment]: high-rise office at dusk, city lights beginning to glow far below. [Cinematography]: silhouette-leaning three-quarter shot against the window, 9:16. [Lighting/Style]: blue-hour light with warm interior accents, visionary quiet mood. [Technical]: Photorealistic, natural skin texture, face stays consistent with the reference images.","City lights twinkle below as the person shifts weight slightly and keeps gazing out, faint reflections moving in the glass, slow push-in, contemplative motion, face stays consistent and stable, no morphing.",9:16
31,Business & Office,Notizen im Café-Meeting,Frau,"[Subject]: The person from the attached reference images — identical face, hairstyle and build as shown in the references — in a beige blazer over a white top, attentive friendly expression, hair tucked behind one ear, natural skin. [Action]: writing notes in a leather notebook next to an open laptop and a cappuccino. [Environment]: stylish café corner, warm wood, soft chatter atmosphere blurred behind. [Cinematography]: table-level three-quarter shot, notebook and hands sharp, 9:16. [Lighting/Style]: warm café light with window daylight mix, professional approachable mood. [Technical]: Photorealistic, natural skin texture, face stays consistent with the reference images.","The pen notes quick points, the person looks up briefly and smiles, steam curling from the cappuccino, static camera, natural motion, face stays consistent and stable, no morphing.",9:16
32,Business & Office,Videocall-Setup,Beide,"[Subject]: The person from the attached reference images — identical face, hairstyle and build as shown in the references — in a smart casual shirt, friendly engaged expression, headphones on, natural skin. [Action]: waving briefly into the webcam at the start of a video call, other hand on the desk. [Environment]: tidy home office, ring light glow, bookshelf and plant behind. [Cinematography]: webcam POV, eye level, slight wide look, 9:16. [Lighting/Style]: even flattering key light, professional friendly mood. [Technical]: Photorealistic, natural skin texture, face stays consistent with the reference images.","The person waves briefly, then leans in slightly and starts speaking silently with natural gestures, mouth movements subtle, static camera, authentic motion, face stays consistent and stable, no morphing.",9:16
33,Business & Office,Vertragsunterschrift,Mann,"[Subject]: The person from the attached reference images — identical face, hairstyle and build as shown in the references — in a charcoal suit, composed confident expression, watch visible at the wrist, natural skin. [Action]: signing a document with a fountain pen at a polished conference table. [Environment]: elegant conference room, leather folder, a second folder and glass of water beside. [Cinematography]: close-up on hands and pen, face softly visible above, 9:16. [Lighting/Style]: warm executive lighting, decisive premium mood. [Technical]: Photorealistic, natural skin texture, face stays consistent with the reference images.","The pen glides through the signature, the person sets it down and leans back slightly, paper settling, slow tilt up to the face, composed motion, face stays consistent and stable, no morphing.",9:16
34,Business & Office,Skizzen am Tablet,Beide,"[Subject]: The person from the attached reference images — identical face, hairstyle and build as shown in the references — in a black crew-neck sweater, creative focused expression, stylus in hand, natural skin. [Action]: drawing a layout on a tablet with a stylus, screen glow on the hands. [Environment]: designer workspace with moodboard wall, dual monitors dimmed, desk lamp. [Cinematography]: over-the-shoulder onto the tablet, screen content softly abstract, 9:16. [Lighting/Style]: warm desk lamp with cool screen glow contrast, maker late-focus mood. [Technical]: Photorealistic, natural skin texture, face stays consistent with the reference images.","The stylus sketches smooth lines, the person zooms with two fingers and continues, screen light flickering subtly, static camera, precise motion, face stays consistent and stable, no morphing.",9:16
35,Business & Office,Aufzug-Moment,Beide,"[Subject]: The person from the attached reference images — identical face, hairstyle and build as shown in the references — in a long camel coat over business wear, calm self-assured expression, natural skin. [Action]: standing in a glass elevator, one hand in the coat pocket, watching the floors pass. [Environment]: glass elevator moving up an atrium, floors and lights gliding past behind. [Cinematography]: frontal chest-up shot, reflections layered in the glass, 9:16. [Lighting/Style]: cool atrium light with moving highlights, upward-momentum mood. [Technical]: Photorealistic, natural skin texture, face stays consistent with the reference images.","Lights and floors glide downward behind the person as the elevator rises, subtle reflections sweeping across the glass, static camera, smooth motion, face stays consistent and stable, no morphing.",9:16
36,Business & Office,Feierabend-Blick vom Balkon,Beide,"[Subject]: The person from the attached reference images — identical face, hairstyle and build as shown in the references — in an unbuttoned shirt collar with loosened tie, relieved satisfied expression, natural skin. [Action]: leaning on an office balcony railing, tie loosened, city below in evening light. [Environment]: office tower balcony, golden city panorama, faint traffic glow. [Cinematography]: three-quarter shot from the side, skyline stretching behind, 9:16. [Lighting/Style]: golden-hour city light, earned-rest mood. [Technical]: Photorealistic, natural skin texture, face stays consistent with the reference images.","The tie flutters slightly in the wind as the person exhales and looks over the city, traffic lights pulsing far below, slow gentle orbit, calm motion, face stays consistent and stable, no morphing.",9:16
37,Reise & Strand,Koffer durchs Terminal,Beide,"[Subject]: The person from the attached reference images — identical face, hairstyle and build as shown in the references — in a relaxed beige travel set with white sneakers, excited calm expression, natural skin. [Action]: pulling a carry-on suitcase through an airport terminal, boarding pass in the free hand. [Environment]: modern airport with glass roof, departure boards and travelers blurred. [Cinematography]: full-body tracking framing, slight front angle, 9:16. [Lighting/Style]: bright terminal daylight, adventure-begins mood. [Technical]: Photorealistic, natural skin texture, face stays consistent with the reference images.","The suitcase rolls smoothly as the person walks towards the camera, travelers drifting blurred behind, boards flickering softly, slow pull-back, anticipatory motion, face stays consistent and stable, no morphing.",9:16
38,Reise & Strand,Fensterplatz über den Wolken,Beide,"[Subject]: The person from the attached reference images — identical face, hairstyle and build as shown in the references — in a comfy hoodie, dreamy content expression, headphones around the neck, natural skin. [Action]: leaning towards the airplane window, one hand on the frame, gazing at the clouds. [Environment]: airplane cabin window seat, sea of clouds in golden light outside. [Cinematography]: close side shot, window light on the face, 9:16. [Lighting/Style]: golden high-altitude sun, wanderlust mood. [Technical]: Photorealistic, natural skin texture, face stays consistent with the reference images.","Clouds drift slowly past the window, light moving across the face, the person leans a little closer, static camera, serene motion, face stays consistent and stable, no morphing.",9:16
39,Reise & Strand,Roller an der Küstenstraße,Beide,"[Subject]: The person from the attached reference images — identical face, hairstyle and build as shown in the references — in a light linen shirt and sunglasses, free joyful expression, helmet on, natural skin. [Action]: sitting on a parked vintage scooter at a coastal viewpoint, hands on the handlebar. [Environment]: cliff road above a turquoise bay, winding coastline stretching behind. [Cinematography]: three-quarter shot, low angle with the bay behind, 9:16. [Lighting/Style]: clear midday Mediterranean light, freedom road-trip mood. [Technical]: Photorealistic, natural skin texture, face stays consistent with the reference images.","Wind moves the shirt collar as the person turns the head towards the bay and back to the camera, sea glittering, slow push-in, easy motion, face stays consistent and stable, no morphing.",9:16
40,Reise & Strand,Hängematte zwischen Palmen,Beide,"[Subject]: The person from the attached reference images — identical face, hairstyle and build as shown in the references — in casual beachwear with a straw hat on the chest, blissful relaxed expression, natural skin. [Action]: lying in a woven hammock, one foot lightly touching the sand, arms behind the head. [Environment]: two palm trees on a white beach, turquoise water and a longtail boat far behind. [Cinematography]: side full-body shot, hammock arcing through frame, 9:16. [Lighting/Style]: soft tropical afternoon light, total unwind mood. [Technical]: Photorealistic, natural skin texture, face stays consistent with the reference images.","The hammock sways gently, palm shadows moving across the sand, the person lets one arm hang loose, static camera, peaceful motion, face stays consistent and stable, no morphing.",9:16
41,Reise & Strand,Surfboard-Walk,Mann,"[Subject]: The person from the attached reference images — identical face, hairstyle and build as shown in the references — in colorful boardshorts with a surfboard under the arm, salt-wet skin, stoked smile, natural skin. [Action]: walking out of the shallow water carrying a surfboard, droplets flying with each step. [Environment]: wide beach with rolling waves, surf spray in the backlight. [Cinematography]: full-body frontal shot, slight low angle, backlit spray, 9:16. [Lighting/Style]: late-afternoon backlight with glowing spray, surf lifestyle mood. [Technical]: Photorealistic, natural skin texture, face stays consistent with the reference images.","Water splashes with each step as the person walks towards the camera, drops flying off the board, waves breaking behind, slow pull-back, energetic motion, face stays consistent and stable, no morphing.",9:16
42,Reise & Strand,Sonnenuntergangs-Silhouette,Beide,"[Subject]: The person from the attached reference images — identical face, hairstyle and build as shown in the references — in loose beach clothing, peaceful expression in profile, natural skin. [Action]: standing at the waterline in half-silhouette, watching the sun sink into the sea. [Environment]: calm evening beach, mirror-wet sand, sun touching the horizon. [Cinematography]: wide three-quarter shot, subject off-center, horizon low, 9:16. [Lighting/Style]: deep orange sunset glow, cinematic end-of-day mood. [Technical]: Photorealistic, natural skin texture, face stays consistent with the reference images.","The sun sinks slowly as small waves wash around the feet, hair and clothing moving in the evening breeze, static camera, tranquil motion, face stays consistent and stable, no morphing.",9:16
43,Reise & Strand,Marktstand-Entdeckung,Frau,"[Subject]: The person from the attached reference images — identical face, hairstyle and build as shown in the references — in a flowing summer dress with a woven bag, curious delighted expression, natural skin. [Action]: picking up a ripe mango at a colorful street market stall, vendor blurred behind. [Environment]: tropical market with fruit pyramids, hanging textiles, warm bustle. [Cinematography]: waist-up shot between stalls, shallow depth of field, 9:16. [Lighting/Style]: warm dappled market light, authentic travel mood. [Technical]: Photorealistic, natural skin texture, face stays consistent with the reference images.","The person turns the mango in the hand and smiles, fabric of the dress moving lightly, market life drifting blurred behind, static camera, lively motion, face stays consistent and stable, no morphing.",9:16
44,Reise & Strand,Pool-Frühstück am Rand,Frau,"[Subject]: The person from the attached reference images — identical face, hairstyle and build as shown in the references — in an elegant swimsuit with a light kimono open over it, delighted expression, natural skin. [Action]: sitting at the pool edge with legs in the water, a floating breakfast tray beside. [Environment]: resort pool at morning, tropical plants, villa roofline behind. [Cinematography]: three-quarter shot from across the water, tray and legs in frame, 9:16. [Lighting/Style]: fresh morning resort light, indulgent vacation mood. [Technical]: Photorealistic, natural skin texture, face stays consistent with the reference images.","Ripples spread around the legs as the person lifts a croissant from the tray, water sparkling, the tray drifting slightly, static camera, gentle motion, face stays consistent and stable, no morphing.",9:16
45,Reise & Strand,Kajak in der Bucht,Beide,"[Subject]: The person from the attached reference images — identical face, hairstyle and build as shown in the references — in a quick-dry shirt and life vest, adventurous focused expression, natural skin. [Action]: paddling a kayak across clear water, paddle mid-stroke, droplets from the blade. [Environment]: emerald bay framed by cliffs, water so clear the bottom shimmers. [Cinematography]: front three-quarter shot from water level, bow cutting towards camera, 9:16. [Lighting/Style]: bright clean daylight, active explorer mood. [Technical]: Photorealistic, natural skin texture, face stays consistent with the reference images.","The paddle dips rhythmically, droplets trailing, the kayak gliding forward slowly, cliffs passing gently behind, static camera, steady motion, face stays consistent and stable, no morphing.",9:16
46,Reise & Strand,Karte & Gasse,Beide,"[Subject]: The person from the attached reference images — identical face, hairstyle and build as shown in the references — in a casual travel outfit with a crossbody bag, curious happy expression, natural skin. [Action]: standing in a colorful alley studying a paper city map, one finger tracing a route. [Environment]: old-town alley with pastel facades, laundry lines and flower pots above. [Cinematography]: waist-up shot, alley leading lines behind, 9:16. [Lighting/Style]: soft bounced alley light, charmed exploring mood. [Technical]: Photorealistic, natural skin texture, face stays consistent with the reference images.","The finger traces the route, the person looks up the alley and back to the map with a smile, laundry swaying above, static camera, curious motion, face stays consistent and stable, no morphing.",9:16
47,City & Nacht,Neonlicht-Portrait,Beide,"[Subject]: The person from the attached reference images — identical face, hairstyle and build as shown in the references — in a black bomber jacket, cool composed expression, hands in pockets, natural skin. [Action]: leaning against a wall under neon signs, one foot flat against the wall. [Environment]: night alley with pink and cyan neon signs, wet asphalt reflecting colors. [Cinematography]: chest-up shot, neon rim light on both sides, 9:16. [Lighting/Style]: mixed neon glow with deep shadows, cinematic night mood. [Technical]: Photorealistic, natural skin texture, face stays consistent with the reference images.","Neon light flickers subtly across the face as the person shifts weight and glances aside, reflections trembling on the wet ground, slow push-in, moody motion, face stays consistent and stable, no morphing.",9:16
48,City & Nacht,Taxi-Fenster bei Regen,Beide,"[Subject]: The person from the attached reference images — identical face, hairstyle and build as shown in the references — in an elegant dark coat, thoughtful expression lit by passing lights, natural skin. [Action]: sitting in the back seat of a taxi, head turned to the rain-streaked window. [Environment]: night city through the window, blurred neon and traffic lights bending in raindrops. [Cinematography]: close side shot through the cabin, window bokeh dominant, 9:16. [Lighting/Style]: moving colored light patches, melancholic beautiful mood. [Technical]: Photorealistic, natural skin texture, face stays consistent with the reference images.","Raindrops run down the glass as colored lights sweep across the face, the person blinks slowly and keeps watching, static camera, hypnotic motion, face stays consistent and stable, no morphing.",9:16
49,City & Nacht,Rooftop-Bar Skyline,Beide,"[Subject]: The person from the attached reference images — identical face, hairstyle and build as shown in the references — in smart evening wear with a drink in hand, relaxed magnetic expression, natural skin. [Action]: standing at a rooftop bar railing holding a lowball glass, city behind. [Environment]: rooftop bar with warm string lights, glittering skyline panorama. [Cinematography]: three-quarter shot, string-light bokeh field behind, 9:16. [Lighting/Style]: warm bar glow against cool city night, sophisticated night mood. [Technical]: Photorealistic, natural skin texture, face stays consistent with the reference images.","Ice turns slowly in the glass as the person takes a small sip and looks over the skyline, string lights swaying subtly, slow orbit, smooth motion, face stays consistent and stable, no morphing.",9:16
50,City & Nacht,Zebrastreifen-Crossing,Beide,"[Subject]: The person from the attached reference images — identical face, hairstyle and build as shown in the references — in streetwear with a hood halfway up, confident forward gaze, natural skin. [Action]: crossing a wide illuminated crosswalk mid-step, hands relaxed. [Environment]: big-city intersection at night, giant billboards glowing, light trails of cars. [Cinematography]: full-body frontal shot, low angle, billboard glow behind, 9:16. [Lighting/Style]: billboard neon wash, urban main-character mood. [Technical]: Photorealistic, natural skin texture, face stays consistent with the reference images.","Billboards flicker behind as the person walks towards the camera with steady steps, cars streaking blurred at the edges, slow pull-back, iconic motion, face stays consistent and stable, no morphing.",9:16
51,City & Nacht,U-Bahn-Fenster,Beide,"[Subject]: The person from the attached reference images — identical face, hairstyle and build as shown in the references — in a casual jacket with headphones on, introspective calm expression, natural skin. [Action]: standing in a subway car holding the rail, reflection visible in the dark window. [Environment]: empty late-night subway car, tunnel lights strobing past the windows. [Cinematography]: side shot with double reflection in the glass, 9:16. [Lighting/Style]: cold interior light with strobing tunnel flashes, late-night mood. [Technical]: Photorealistic, natural skin texture, face stays consistent with the reference images.","Tunnel lights sweep past rhythmically, the reflection trembling with the ride, the person sways slightly with the train, static camera, rhythmic motion, face stays consistent and stable, no morphing.",9:16
52,City & Nacht,Nachtmarkt-Streetfood,Beide,"[Subject]: The person from the attached reference images — identical face, hairstyle and build as shown in the references — in a casual tee under an open shirt, delighted hungry expression, natural skin. [Action]: lifting noodles from a paper box with chopsticks at a glowing food stall. [Environment]: asian night market, steam and lanterns, signs glowing in many colors. [Cinematography]: waist-up shot, stall glow as key light, steam drifting, 9:16. [Lighting/Style]: lantern warmth with neon accents, vibrant night-market mood. [Technical]: Photorealistic, natural skin texture, face stays consistent with the reference images.","Steam rises through the lantern light as the noodles lift from the box, the person blows lightly and smiles, crowd drifting blurred, static camera, lively motion, face stays consistent and stable, no morphing.",9:16
53,City & Nacht,Brücke mit Lichtspur,Beide,"[Subject]: The person from the attached reference images — identical face, hairstyle and build as shown in the references — in a long wool coat, calm cinematic presence, natural skin. [Action]: standing at a bridge railing above a highway, watching light trails below. [Environment]: city bridge at night, red and white light trails streaming underneath. [Cinematography]: three-quarter shot from behind-side, trails leading into depth, 9:16. [Lighting/Style]: cool night tones with warm trail accents, contemplative epic mood. [Technical]: Photorealistic, natural skin texture, face stays consistent with the reference images.","Light trails stream endlessly below as the coat moves in the night wind, the person turns the head slightly towards the camera, slow push-in, cinematic motion, face stays consistent and stable, no morphing.",9:16
54,City & Nacht,Late-Night-Diner,Beide,"[Subject]: The person from the attached reference images — identical face, hairstyle and build as shown in the references — in a denim jacket, tired happy expression after a long day, natural skin. [Action]: sitting at a diner counter with a milkshake, straw between the fingers. [Environment]: retro diner with neon sign in the window, chrome counter, jukebox glow. [Cinematography]: side shot down the counter, neon reflections on chrome, 9:16. [Lighting/Style]: diner neon mixed with warm tungsten, nostalgic night mood. [Technical]: Photorealistic, natural skin texture, face stays consistent with the reference images.","The straw stirs slowly, neon flickering in the window, the person takes a sip and smiles into the distance, static camera, mellow motion, face stays consistent and stable, no morphing.",9:16
55,City & Nacht,Skateboard unterm Laternenlicht,Mann,"[Subject]: The person from the attached reference images — identical face, hairstyle and build as shown in the references — in baggy pants and a graphic hoodie, playful focused expression, natural skin. [Action]: rolling slowly through a pool of streetlight, one foot pushing off. [Environment]: empty parking deck at night, pillars in rows, single lamp cones. [Cinematography]: wide tracking framing, long shadows across the concrete, 9:16. [Lighting/Style]: isolated lamp light in darkness, free-night-session mood. [Technical]: Photorealistic, natural skin texture, face stays consistent with the reference images.","Wheels rumble softly as the person glides through the light cone and into the next, shadow stretching and shrinking, slow pan, flowing motion, face stays consistent and stable, no morphing.",9:16
56,City & Nacht,Fahrstuhl zur Party,Frau,"[Subject]: The person from the attached reference images — identical face, hairstyle and build as shown in the references — in a satin slip dress with subtle jewelry, excited elegant expression, natural skin. [Action]: checking the lipstick in the mirrored elevator wall, clutch under the arm. [Environment]: mirrored hotel elevator, warm spot light, floor numbers glowing. [Cinematography]: mirror POV chest-up shot, layered reflections, 9:16. [Lighting/Style]: warm flattering spot light, anticipation-glamour mood. [Technical]: Photorealistic, natural skin texture, face stays consistent with the reference images.","The person leans slightly to the mirror, adjusts a hair strand and smiles, floor lights ticking upward, static camera, elegant motion, face stays consistent and stable, no morphing.",9:16
57,Food & Café,Latte-Art-Moment,Beide,"[Subject]: The person from the attached reference images — identical face, hairstyle and build as shown in the references — in a relaxed knit sweater, cozy content expression, natural skin. [Action]: receiving a cappuccino with fresh latte art, hands wrapping around the cup. [Environment]: specialty café counter, barista tools blurred, warm wood tones. [Cinematography]: close-up over the cup, art in focus, face softly behind, 9:16. [Lighting/Style]: warm café light, hygge coffee mood. [Technical]: Photorealistic, natural skin texture, face stays consistent with the reference images.","Steam curls from the cup as the person lifts it slightly and admires the art, milk foam trembling, static camera, cozy motion, face stays consistent and stable, no morphing.",9:16
58,Food & Café,Pasta frisch geschwenkt,Beide,"[Subject]: The person from the attached reference images — identical face, hairstyle and build as shown in the references — in a rolled-sleeve shirt with a kitchen towel over the shoulder, proud chef expression, natural skin. [Action]: tossing fresh pasta in a pan over the stove, flames licking briefly. [Environment]: home chef kitchen, hanging pans, tomatoes and basil on the board. [Cinematography]: side shot at stove level, pan action sharp, 9:16. [Lighting/Style]: warm kitchen light with flame accents, passionate cooking mood. [Technical]: Photorealistic, natural skin texture, face stays consistent with the reference images.","The pan swings and the pasta lifts in an arc, steam bursting up, a brief flame flare, static camera, dynamic delicious motion, face stays consistent and stable, no morphing.",9:16
59,Food & Café,Croissant & Buchcafé,Frau,"[Subject]: The person from the attached reference images — identical face, hairstyle and build as shown in the references — in a soft turtleneck with round reading glasses, absorbed peaceful expression, natural skin. [Action]: tearing a golden croissant beside an open book, crumbs on the plate. [Environment]: book café corner with shelves, rain outside the window. [Cinematography]: table-level shot, croissant and hands sharp, book blurred, 9:16. [Lighting/Style]: grey rain light with warm lamp mix, slow-reading mood. [Technical]: Photorealistic, natural skin texture, face stays consistent with the reference images.","Flakes fall as the croissant tears open gently, steam from the coffee drifting, a page lifting slightly, static camera, quiet motion, face stays consistent and stable, no morphing.",9:16
60,Food & Café,Ramen-Dampf,Beide,"[Subject]: The person from the attached reference images — identical face, hairstyle and build as shown in the references — in a simple dark tee, eager delighted expression, chopsticks ready, natural skin. [Action]: lifting noodles high from a steaming ramen bowl, steam clouding upward. [Environment]: small ramen bar, counter seating, kitchen glow behind. [Cinematography]: frontal shot across the bowl, steam backlit, 9:16. [Lighting/Style]: warm kitchen backlight through steam, craving mood. [Technical]: Photorealistic, natural skin texture, face stays consistent with the reference images.","Steam billows as the noodles lift and lower slowly, broth rippling, the person leans in, static camera, appetizing motion, face stays consistent and stable, no morphing.",9:16
61,Food & Café,Frühstücks-Flatlay-Griff,Beide,"[Subject]: The person from the attached reference images — identical face, hairstyle and build as shown in the references — in a white tee with a silver watch, casual fresh look, only arms and torso prominent, natural skin. [Action]: reaching into a rich breakfast table to grab a berry from a bowl. [Environment]: styled breakfast spread: pancakes, juice, flowers, linen napkins. [Cinematography]: top-down flatlay, hand entering frame, spread razor sharp, 9:16. [Lighting/Style]: bright soft daylight, fresh brunch mood. [Technical]: Photorealistic, natural skin texture, face stays consistent with the reference images.","The hand picks a berry while syrup is drizzled onto pancakes nearby, juice glass catching light, static top-down camera, tasty motion, face stays consistent and stable, no morphing.",9:16
62,Food & Café,Weinprobe im Keller,Beide,"[Subject]: The person from the attached reference images — identical face, hairstyle and build as shown in the references — in an elegant dark shirt, appreciative focused expression, natural skin. [Action]: swirling a glass of red wine, examining the color against the light. [Environment]: old wine cellar with barrels, warm candle-like lamps, bottle racks. [Cinematography]: chest-up shot, glass in the foreground light, 9:16. [Lighting/Style]: amber cellar glow, refined connoisseur mood. [Technical]: Photorealistic, natural skin texture, face stays consistent with the reference images.","The wine swirls in slow circles catching the light, the person brings it closer to the nose, dust motes drifting, static camera, elegant motion, face stays consistent and stable, no morphing.",9:16
63,Food & Café,Streetfood-Taco-Biss,Beide,"[Subject]: The person from the attached reference images — identical face, hairstyle and build as shown in the references — in a casual open overshirt, eyes closed in delight, natural skin. [Action]: holding a loaded taco with both hands, about to take the first bite, mid-anticipation. [Environment]: mexican street stand with colorful bunting, grill smoke drifting. [Cinematography]: close waist-up shot, taco detail sharp, 9:16. [Lighting/Style]: warm evening stand light with smoke, honest streetfood joy. [Technical]: Photorealistic, natural skin texture, face stays consistent with the reference images.","A little salsa drips as the person takes a careful first bite and nods slowly, smoke drifting through the light, static camera, satisfying motion, face stays consistent and stable, no morphing.",9:16
64,Food & Café,Matcha-Zubereitung,Frau,"[Subject]: The person from the attached reference images — identical face, hairstyle and build as shown in the references — in a minimalist beige outfit, calm concentrated expression, natural skin. [Action]: whisking matcha in a ceramic bowl with a bamboo whisk, precise circular motion. [Environment]: japanese-inspired tea corner, tatami texture, single branch in a vase. [Cinematography]: 45-degree close shot on the bowl, hands and whisk sharp, 9:16. [Lighting/Style]: soft diffused zen light, mindful ritual mood. [Technical]: Photorealistic, natural skin texture, face stays consistent with the reference images.","The whisk moves in quick precise strokes as fine foam forms, steam rising faintly, the person slows and lifts the whisk, static camera, meditative motion, face stays consistent and stable, no morphing.",9:16
65,Food & Café,Eiscreme-Vergleich,Beide,"[Subject]: The person from the attached reference images — identical face, hairstyle and build as shown in the references — in a colorful summer shirt, torn playful expression, natural skin. [Action]: holding two different ice cream cones, glancing between them undecided. [Environment]: gelato shop front with pastel awning, display case glowing behind. [Cinematography]: frontal waist-up shot, cones framing the face, 9:16. [Lighting/Style]: bright cheerful daylight, playful indulgence mood. [Technical]: Photorealistic, natural skin texture, face stays consistent with the reference images.","The gaze switches between the cones, one starts melting slightly, the person grins and licks the first, static camera, funny light motion, face stays consistent and stable, no morphing.",9:16
66,Food & Café,Grill-Flip am Abend,Mann,"[Subject]: The person from the attached reference images — identical face, hairstyle and build as shown in the references — in a denim apron over a tee, confident grill-master expression, tongs in hand, natural skin. [Action]: flipping a steak on a flaming grill, sparks and smoke rising. [Environment]: backyard barbecue at dusk, string lights, friends blurred at a table behind. [Cinematography]: side shot at grill level, flare backlighting the smoke, 9:16. [Lighting/Style]: dusk blue with fire glow, weekend grill mood. [Technical]: Photorealistic, natural skin texture, face stays consistent with the reference images.","Flames flare as the steak flips and sizzles, smoke rolling through the string-light glow, the person nods satisfied, static camera, sizzling motion, face stays consistent and stable, no morphing.",9:16
67,Home & Cozy,Bücherregal-Auswahl,Beide,"[Subject]: The person from the attached reference images — identical face, hairstyle and build as shown in the references — in a chunky cardigan over a tee, curious relaxed expression, natural skin. [Action]: pulling a book from a full floor-to-ceiling shelf, head tilted reading spines. [Environment]: warm home library wall, ladder, small reading lamp glowing. [Cinematography]: three-quarter shot along the shelf, depth of spines, 9:16. [Lighting/Style]: warm pooled lamp light, calm bookish mood. [Technical]: Photorealistic, natural skin texture, face stays consistent with the reference images.","A book slides out slowly as the person opens it and turns a page, dust motes floating in the lamp light, static camera, quiet motion, face stays consistent and stable, no morphing.",9:16
68,Home & Cozy,Regen am Fenster mit Tee,Beide,"[Subject]: The person from the attached reference images — identical face, hairstyle and build as shown in the references — in a soft grey hoodie, wistful cozy expression, natural skin. [Action]: sitting on a window bench hugging one knee, tea mug steaming on the sill. [Environment]: rainy window with running drops, blurred wet street below, blanket and cushion. [Cinematography]: side shot against the window light, rain bokeh, 9:16. [Lighting/Style]: cool rain light with warm interior contrast, sheltered cozy mood. [Technical]: Photorealistic, natural skin texture, face stays consistent with the reference images.","Raindrops race down the glass as steam rises from the mug, the person watches the street and sips slowly, static camera, peaceful motion, face stays consistent and stable, no morphing.",9:16
69,Home & Cozy,Vinyl auflegen,Beide,"[Subject]: The person from the attached reference images — identical face, hairstyle and build as shown in the references — in a vintage band tee, nostalgic soft smile, natural skin. [Action]: lowering the needle onto a spinning vinyl record, other hand steadying the player. [Environment]: living room corner with record shelf, warm floor lamp, plant shadow on the wall. [Cinematography]: close over the turntable, hands and needle sharp, 9:16. [Lighting/Style]: amber evening lamp light, analog nostalgic mood. [Technical]: Photorealistic, natural skin texture, face stays consistent with the reference images.","The record spins as the needle sets down gently, a subtle vibration, the person closes the eyes briefly, static camera, warm motion, face stays consistent and stable, no morphing.",9:16
70,Home & Cozy,Pflanzen gießen,Frau,"[Subject]: The person from the attached reference images — identical face, hairstyle and build as shown in the references — in a linen jumpsuit, caring content expression, natural skin. [Action]: watering a hanging plant with a brass can, drops falling from the leaves. [Environment]: urban jungle corner, monstera and pothos, morning light through gauze curtains. [Cinematography]: waist-up shot through leaves, layered green foreground, 9:16. [Lighting/Style]: soft green-filtered morning light, nurturing home mood. [Technical]: Photorealistic, natural skin texture, face stays consistent with the reference images.","Water drops fall from the leaves as the can tilts, leaves swaying lightly, curtain glowing, static camera, gentle motion, face stays consistent and stable, no morphing.",9:16
71,Home & Cozy,Kamin & Wolldecke,Beide,"[Subject]: The person from the attached reference images — identical face, hairstyle and build as shown in the references — wrapped in a chunky wool blanket, sleepy happy expression, natural skin. [Action]: sitting on the floor in front of a fireplace, mug of cocoa with marshmallows. [Environment]: living room with crackling fireplace, warm stone, dim evening around. [Cinematography]: frontal low shot, fire glow as key light, 9:16. [Lighting/Style]: flickering firelight, deepest hygge mood. [Technical]: Photorealistic, natural skin texture, face stays consistent with the reference images.","Firelight flickers over the blanket as marshmallows bob in the cocoa, the person pulls the blanket tighter, static camera, snug motion, face stays consistent and stable, no morphing.",9:16
72,Home & Cozy,Sonntags-Pancakes-Wender,Beide,"[Subject]: The person from the attached reference images — identical face, hairstyle and build as shown in the references — in a pajama set with fuzzy socks, playful morning grin, natural skin. [Action]: flipping a pancake in a pan mid-air, other hand slightly raised for balance. [Environment]: small cheerful kitchen, batter bowl and berries, radio on the shelf. [Cinematography]: side shot at pan level, pancake frozen mid-flip, 9:16. [Lighting/Style]: bright lazy-sunday light, playful home mood. [Technical]: Photorealistic, natural skin texture, face stays consistent with the reference images.","The pancake flips and lands back in the pan, batter sizzling, the person laughs briefly, static camera, fun motion, face stays consistent and stable, no morphing.",9:16
73,Home & Cozy,Katzen-Kuscheln auf dem Sofa,Beide,"[Subject]: The person from the attached reference images — identical face, hairstyle and build as shown in the references — in comfy loungewear, melted-heart expression, natural skin. [Action]: lying on a sofa with a cat curled on the chest, one hand stroking softly. [Environment]: cozy living room, soft throw pillows, warm afternoon light stripes. [Cinematography]: top-side close shot, cat and face in frame, 9:16. [Lighting/Style]: striped warm window light, pure comfort mood. [Technical]: Photorealistic, natural skin texture, face stays consistent with the reference images.","The cat's fur rises with slow breaths as the hand strokes gently, tail flicking once, the person smiles drowsily, static camera, tender motion, face stays consistent and stable, no morphing.",9:16
74,Home & Cozy,Puzzle-Abend,Beide,"[Subject]: The person from the attached reference images — identical face, hairstyle and build as shown in the references — in a soft flannel shirt, concentrated cozy expression, natural skin. [Action]: placing a puzzle piece into a nearly finished landscape puzzle, leaning over the table. [Environment]: dining table with tea pot and dim pendant lamp, evening outside. [Cinematography]: top-45-degree shot, puzzle and hands sharp, 9:16. [Lighting/Style]: pooled pendant light, focused-evening mood. [Technical]: Photorealistic, natural skin texture, face stays consistent with the reference images.","The piece clicks into place, fingertips smoothing the area, steam drifting from the tea pot, slow push-in, satisfying motion, face stays consistent and stable, no morphing.",9:16
75,Home & Cozy,Bad mit Kerzen,Frau,"[Subject]: The person from the attached reference images — identical face, hairstyle and build as shown in the references — with hair pinned up loosely, serene closed-eye expression, shoulders above the foam, natural skin. [Action]: relaxing in a foam bath, one hand resting on the tub edge near a book. [Environment]: candle-lit bathroom, eucalyptus hanging, foam softly reflecting flames. [Cinematography]: side chest-up shot, candles as bokeh field, 9:16. [Lighting/Style]: flickering candlelight, deep self-care mood. [Technical]: Photorealistic, natural skin texture, face stays consistent with the reference images.","Candle flames sway as foam drifts slowly, the hand dips lightly into the water, steam rising, static camera, tranquil motion, face stays consistent and stable, no morphing.",9:16
76,Home & Cozy,Umzugskarton-Erinnerung,Beide,"[Subject]: The person from the attached reference images — identical face, hairstyle and build as shown in the references — in a practical tee and open flannel, touched nostalgic expression, natural skin. [Action]: lifting an old framed photo out of a moving box, dust caught in the light. [Environment]: half-furnished new room, stacked boxes, evening light through a bare window. [Cinematography]: waist-up shot, frame catching the window light, 9:16. [Lighting/Style]: raw warm evening light, bittersweet-new-chapter mood. [Technical]: Photorealistic, natural skin texture, face stays consistent with the reference images.","Dust floats through the light as the person wipes the frame and studies it, box flap tilting shut, slow push-in, emotional motion, face stays consistent and stable, no morphing.",9:16
77,Natur & Outdoor,Gipfelkreuz-Ankunft,Beide,"[Subject]: The person from the attached reference images — identical face, hairstyle and build as shown in the references — in hiking gear with a backpack, exhausted proud expression, cheeks flushed, natural skin. [Action]: reaching the summit and setting a hand on the summit cross, other on the hip. [Environment]: mountain peak above a sea of clouds, valleys deep below, distant ridgelines. [Cinematography]: wide three-quarter shot, small figure against big scenery, 9:16. [Lighting/Style]: crisp high-altitude light, epic achievement mood. [Technical]: Photorealistic, natural skin texture, face stays consistent with the reference images.","Wind moves the jacket and hair as clouds drift below, the person breathes deeply and looks over the valley, slow pull-back, majestic motion, face stays consistent and stable, no morphing.",9:16
78,Natur & Outdoor,Waldlauf im Nebel,Beide,"[Subject]: The person from the attached reference images — identical face, hairstyle and build as shown in the references — in trail-running gear, focused steady expression, breath visible, natural skin. [Action]: running along a misty forest trail, mid-stride between tall pines. [Environment]: foggy pine forest, light shafts breaking through, soft ground. [Cinematography]: front tracking framing, low angle, fog layering depth, 9:16. [Lighting/Style]: diffused foggy dawn light, primal endurance mood. [Technical]: Photorealistic, natural skin texture, face stays consistent with the reference images.","Fog drifts between the trunks as the person runs steadily towards the camera, breath puffing, light shafts flickering, slow pull-back, rhythmic motion, face stays consistent and stable, no morphing.",9:16
79,Natur & Outdoor,See-Steg am Morgen,Beide,"[Subject]: The person from the attached reference images — identical face, hairstyle and build as shown in the references — in a warm fleece with a beanie, still peaceful expression, natural skin. [Action]: sitting at the end of a wooden jetty, feet dangling over glassy water. [Environment]: mirror-calm alpine lake at dawn, mist bands, forested shore. [Cinematography]: wide shot from behind-side along the jetty, 9:16. [Lighting/Style]: pale dawn pastels, absolute stillness mood. [Technical]: Photorealistic, natural skin texture, face stays consistent with the reference images.","Mist drifts over the still water as tiny ripples spread from the feet, a bird crossing far away, static camera, meditative motion, face stays consistent and stable, no morphing.",9:16
80,Natur & Outdoor,Lagerfeuer-Funken,Beide,"[Subject]: The person from the attached reference images — identical face, hairstyle and build as shown in the references — in a flannel jacket, warm relaxed expression lit by fire, natural skin. [Action]: poking a campfire with a stick, sparks rising into the dark. [Environment]: night campsite, tent glowing faintly, star field above the trees. [Cinematography]: chest-up shot, fire as key light from below, 9:16. [Lighting/Style]: orange fire glow under starlight, wilderness evening mood. [Technical]: Photorealistic, natural skin texture, face stays consistent with the reference images.","Sparks swirl upward as the stick stirs the embers, flames dancing on the face, the tent glowing behind, static camera, mesmerizing motion, face stays consistent and stable, no morphing.",9:16
81,Natur & Outdoor,Fahrrad durchs Feld,Beide,"[Subject]: The person from the attached reference images — identical face, hairstyle and build as shown in the references — in a casual summer outfit with a light backpack, carefree laughing expression, natural skin. [Action]: riding a bicycle along a path through golden wheat fields, one hand briefly off the bar. [Environment]: endless wheat field, path curving, lone tree on the horizon. [Cinematography]: side tracking framing, wheat streaking softly, 9:16. [Lighting/Style]: late golden light, boundless-freedom mood. [Technical]: Photorealistic, natural skin texture, face stays consistent with the reference images.","Wheat sways in waves as the bicycle rolls steadily, hair and shirt fluttering, the person lifts the face into the sun, slow pan, joyful motion, face stays consistent and stable, no morphing.",9:16
82,Natur & Outdoor,Wasserfall-Staunen,Beide,"[Subject]: The person from the attached reference images — identical face, hairstyle and build as shown in the references — in an outdoor rain shell, awed expression, fine spray on the face, natural skin. [Action]: standing on wet rocks before a waterfall, looking up its full height. [Environment]: powerful waterfall in a green gorge, spray mist, moss-covered rocks. [Cinematography]: low wide shot, person small against the fall, 9:16. [Lighting/Style]: cool spray-diffused light, humbling nature mood. [Technical]: Photorealistic, natural skin texture, face stays consistent with the reference images.","Spray drifts across as the waterfall thunders down, the jacket hood fluttering, the person slowly lowers the gaze to the camera, static camera, powerful motion, face stays consistent and stable, no morphing.",9:16
83,Natur & Outdoor,Pferde-Begegnung am Zaun,Frau,"[Subject]: The person from the attached reference images — identical face, hairstyle and build as shown in the references — in a knit sweater and boots, tender delighted expression, natural skin. [Action]: offering a flat hand to a horse over a wooden fence, careful and calm. [Environment]: pasture at golden hour, second horse grazing behind, soft hills. [Cinematography]: side shot at fence level, horse head and hand sharp, 9:16. [Lighting/Style]: honey golden light, gentle connection mood. [Technical]: Photorealistic, natural skin texture, face stays consistent with the reference images.","The horse's nostrils flare softly towards the hand, mane moving in the breeze, the person smiles quietly, static camera, tender motion, face stays consistent and stable, no morphing.",9:16
84,Natur & Outdoor,Zelt-Morgen-Reißverschluss,Beide,"[Subject]: The person from the attached reference images — identical face, hairstyle and build as shown in the references — in a sleeping-bag-wrapped hoodie look, sleepy amazed expression, natural skin. [Action]: unzipping the tent from inside, revealing a mountain panorama. [Environment]: tent opening framing snowy peaks and morning valley fog. [Cinematography]: POV-adjacent shot from inside the tent, opening as natural frame, 9:16. [Lighting/Style]: cold fresh dawn light, reward-of-adventure mood. [Technical]: Photorealistic, natural skin texture, face stays consistent with the reference images.","The zipper opens slowly revealing the peaks, cold breath visible, fog moving in the valley, static camera, unveiling motion, face stays consistent and stable, no morphing.",9:16
85,Natur & Outdoor,Kirschblüten-Spaziergang,Frau,"[Subject]: The person from the attached reference images — identical face, hairstyle and build as shown in the references — in a light trench coat, softly enchanted expression, natural skin. [Action]: walking under blooming cherry trees, one hand catching a falling petal. [Environment]: cherry blossom alley in full bloom, petals drifting like snow. [Cinematography]: three-quarter frontal shot, petal bokeh foreground, 9:16. [Lighting/Style]: soft pink diffused light, fleeting-beauty mood. [Technical]: Photorealistic, natural skin texture, face stays consistent with the reference images.","Petals rain gently as the person walks slowly forward and catches one, looking at it and smiling, slow pull-back, dreamy motion, face stays consistent and stable, no morphing.",9:16
86,Natur & Outdoor,Sternenhimmel-Staunen,Beide,"[Subject]: The person from the attached reference images — identical face, hairstyle and build as shown in the references — in a warm down jacket with a headlamp off around the neck, wonder-struck expression, natural skin. [Action]: lying on a blanket on a hill, hands behind the head, gazing at the milky way. [Environment]: clear night sky with dense stars over a dark ridge, faint meteor streak. [Cinematography]: top-down close shot on the face, stars reflected in the eyes, 9:16. [Lighting/Style]: starlight with faint blue ambient, infinite-wonder mood. [Technical]: Photorealistic, natural skin texture, face stays consistent with the reference images.","Stars twinkle subtly as the eyes wander across the sky, a breath fogging briefly, a shooting star passing, static camera, awe motion, face stays consistent and stable, no morphing.",9:16
87,Fashion & Editorial,Trenchcoat im Wind,Beide,"[Subject]: The person from the attached reference images — identical face, hairstyle and build as shown in the references — in a camel trench coat over monochrome layers, intense fashion gaze, natural skin. [Action]: standing on a windswept plaza, coat flying open dramatically, stance wide. [Environment]: brutalist concrete plaza, minimal lines, empty space around. [Cinematography]: full-body frontal shot, low angle, negative space composition, 9:16. [Lighting/Style]: overcast soft box light, high-fashion editorial mood. [Technical]: Photorealistic, natural skin texture, face stays consistent with the reference images.","The coat billows in gusts as the person holds the gaze steadily, hair moving, fabric snapping softly, slow push-in, powerful motion, face stays consistent and stable, no morphing.",9:16
88,Fashion & Editorial,Studio-Farbwand,Beide,"[Subject]: The person from the attached reference images — identical face, hairstyle and build as shown in the references — in a bold monochrome outfit against a contrasting seamless, confident direct gaze, natural skin. [Action]: posing with one shoulder dropped, hand loosely at the collar, chin slightly lifted. [Environment]: studio seamless backdrop in saturated color, single visible softbox edge. [Cinematography]: chest-up shot, centered, crisp studio sharpness, 9:16. [Lighting/Style]: hard key with soft fill, bold campaign mood. [Technical]: Photorealistic, natural skin texture, face stays consistent with the reference images.","The person shifts the pose subtly between micro-poses, fabric settling, eyes locked to the lens, static camera, editorial motion, face stays consistent and stable, no morphing.",9:16
89,Fashion & Editorial,Treppenhaus-Marmor,Frau,"[Subject]: The person from the attached reference images — identical face, hairstyle and build as shown in the references — in a flowing evening dress with a thigh-high slit, poised elegant expression, natural skin. [Action]: descending a grand marble staircase, one hand gliding on the balustrade. [Environment]: historic marble staircase, tall windows, dust in the light shafts. [Cinematography]: wide low shot from below the stairs, dress trailing, 9:16. [Lighting/Style]: cathedral-soft window light, timeless glamour mood. [Technical]: Photorealistic, natural skin texture, face stays consistent with the reference images.","The dress flows down the steps as the person descends slowly, fabric rippling, dust glittering in the shafts, slow tilt up, graceful motion, face stays consistent and stable, no morphing.",9:16
90,Fashion & Editorial,Anzug & Manschetten,Mann,"[Subject]: The person from the attached reference images — identical face, hairstyle and build as shown in the references — in a midnight-blue tailored suit, adjusting a cufflink, composed sharp expression, natural skin. [Action]: fastening the cufflink at the wrist, jacket sleeve pulled slightly. [Environment]: dark dressing room with warm spot, suit rack blurred behind. [Cinematography]: close chest-up shot, hands and cuff razor sharp, 9:16. [Lighting/Style]: single warm spot with deep falloff, tailored precision mood. [Technical]: Photorealistic, natural skin texture, face stays consistent with the reference images.","The fingers close the cufflink deliberately, the jacket settles as the arms lower, the gaze lifts to the camera, slow push-in, refined motion, face stays consistent and stable, no morphing.",9:16
91,Fashion & Editorial,Regenschirm-Noir,Beide,"[Subject]: The person from the attached reference images — identical face, hairstyle and build as shown in the references — in a black turtleneck under a long coat, mysterious calm gaze, natural skin. [Action]: holding a black umbrella in falling rain, face half-lit beneath it. [Environment]: night street with a single lamp, rain needles visible in the light. [Cinematography]: chest-up shot, umbrella framing, rim light from the lamp, 9:16. [Lighting/Style]: noir single-source light through rain, mystery editorial mood. [Technical]: Photorealistic, natural skin texture, face stays consistent with the reference images.","Rain streaks through the lamp light as drops fall from the umbrella edge, the person tilts the umbrella slightly revealing the eyes, slow push-in, noir motion, face stays consistent and stable, no morphing.",9:16
92,Fashion & Editorial,Rolltreppen-Symmetrie,Beide,"[Subject]: The person from the attached reference images — identical face, hairstyle and build as shown in the references — in a structured oversized blazer, detached cool expression, natural skin. [Action]: standing still on an ascending escalator, hands folded in front. [Environment]: futuristic metro station, symmetric escalator tunnel, cold strip lights. [Cinematography]: centered frontal shot, one-point perspective tunnel, 9:16. [Lighting/Style]: cold symmetric strip lighting, futuristic vogue mood. [Technical]: Photorealistic, natural skin texture, face stays consistent with the reference images.","The escalator carries the person slowly upward through the tunnel, lights gliding past rhythmically, gaze fixed, static camera, hypnotic motion, face stays consistent and stable, no morphing.",9:16
93,Fashion & Editorial,Spiegel-Splitter,Beide,"[Subject]: The person from the attached reference images — identical face, hairstyle and build as shown in the references — in minimalist black tailoring, fragmented intense gaze, natural skin. [Action]: standing before an arrangement of broken mirror pieces, reflections multiplied. [Environment]: raw studio space, mirror shards leaning on the wall, concrete floor. [Cinematography]: shot through the shards, multiple partial reflections, 9:16. [Lighting/Style]: directional cool light with glints, art-editorial mood. [Technical]: Photorealistic, natural skin texture, face stays consistent with the reference images.","Reflections shift as the person turns the head slowly, light glinting across the shards, slow lateral move, artistic motion, face stays consistent and stable, no morphing.",9:16
94,Fashion & Editorial,Wüsten-Couture,Frau,"[Subject]: The person from the attached reference images — identical face, hairstyle and build as shown in the references — in a sculptural flowing gown in sand tones, fierce serene expression, natural skin. [Action]: standing on a dune crest, gown streaming in the wind like a flag. [Environment]: endless sand dunes, ripple textures, heat shimmer at the horizon. [Cinematography]: wide full-body shot, diagonal dune line composition, 9:16. [Lighting/Style]: low harsh desert sun, monumental fashion mood. [Technical]: Photorealistic, natural skin texture, face stays consistent with the reference images.","The gown streams and snaps in the wind as sand drifts off the crest, the person stands immovable, slow orbit, monumental motion, face stays consistent and stable, no morphing.",9:16
95,Fashion & Editorial,Leder & Motorrad,Mann,"[Subject]: The person from the attached reference images — identical face, hairstyle and build as shown in the references — in a black leather jacket over a white tee, effortless rebel expression, natural skin. [Action]: leaning against a vintage motorcycle, arms crossed, one boot on the footpeg. [Environment]: empty industrial street, garage doors, late sun flaring off chrome. [Cinematography]: three-quarter full shot, chrome flare accents, 9:16. [Lighting/Style]: hard late sun with chrome flares, rebel classic mood. [Technical]: Photorealistic, natural skin texture, face stays consistent with the reference images.","Heat shimmer rises from the asphalt as the person shifts the stance and looks down the street, chrome glinting, slow push-in, cool motion, face stays consistent and stable, no morphing.",9:16
96,Fashion & Editorial,Archiv-Galerie,Beide,"[Subject]: The person from the attached reference images — identical face, hairstyle and build as shown in the references — in quiet-luxury knitwear and tailored trousers, contemplative refined expression, natural skin. [Action]: walking slowly past large abstract paintings, hands clasped behind the back. [Environment]: white gallery hall, oversized canvases, polished concrete floor. [Cinematography]: wide side tracking framing, art as backdrop blocks, 9:16. [Lighting/Style]: even museum light, cultured minimal mood. [Technical]: Photorealistic, natural skin texture, face stays consistent with the reference images.","The person strolls slowly past the canvases, pausing before one, reflection gliding on the floor, slow pan, composed motion, face stays consistent and stable, no morphing.",9:16
97,Alltag & Candid,Wocheneinkauf-Balance,Beide,"[Subject]: The person from the attached reference images — identical face, hairstyle and build as shown in the references — in everyday jeans and a tee under an open jacket, slightly overwhelmed funny expression, natural skin. [Action]: balancing two full paper grocery bags while fishing for keys at a door. [Environment]: apartment building entrance, bike leaning nearby, evening approaching. [Cinematography]: three-quarter shot, bags dominating the frame, 9:16. [Lighting/Style]: soft dusk light, relatable everyday-hero mood. [Technical]: Photorealistic, natural skin texture, face stays consistent with the reference images.","A baguette tips slowly in the bag as the person juggles the keys and catches it, exhaling in relief, static camera, comedic motion, face stays consistent and stable, no morphing.",9:16
98,Alltag & Candid,Bus-Fenster-Gedanken,Beide,"[Subject]: The person from the attached reference images — identical face, hairstyle and build as shown in the references — in a casual sweater with earbuds in, lost-in-thought expression, natural skin. [Action]: resting the head lightly against the bus window, watching the city pass. [Environment]: bus interior, condensation edge on the glass, shops sliding by outside. [Cinematography]: close side shot, window reflections layering the face, 9:16. [Lighting/Style]: overcast soft daylight, everyday melancholy mood. [Technical]: Photorealistic, natural skin texture, face stays consistent with the reference images.","The city glides by in the glass as the person blinks slowly and shifts, a drop of condensation running, static camera, introspective motion, face stays consistent and stable, no morphing.",9:16
99,Alltag & Candid,Wäsche-Frust & Lachen,Beide,"[Subject]: The person from the attached reference images — identical face, hairstyle and build as shown in the references — in mismatched laundry-day clothes, laughing at the chaos, natural skin. [Action]: holding up a shrunken sweater from the laundry basket, mid-laugh. [Environment]: small laundry corner, machine open, colorful clothes pile. [Cinematography]: waist-up shot, sweater in frame center, 9:16. [Lighting/Style]: plain bright home light, self-irony mood. [Technical]: Photorealistic, natural skin texture, face stays consistent with the reference images.","The tiny sweater dangles as the person laughs and shakes the head, tossing it onto the pile, static camera, humorous motion, face stays consistent and stable, no morphing.",9:16
100,Alltag & Candid,Paket-Türöffnung,Beide,"[Subject]: The person from the attached reference images — identical face, hairstyle and build as shown in the references — in comfy home clothes, giddy excited expression, natural skin. [Action]: opening the door and receiving a long-awaited package with both hands. [Environment]: apartment doorway, courier arm handing the box, hallway light. [Cinematography]: inside-the-flat shot towards the door, box in focus, 9:16. [Lighting/Style]: neutral hallway light, small-joy mood. [Technical]: Photorealistic, natural skin texture, face stays consistent with the reference images.","The box passes into eager hands, the person hugs it briefly and pushes the door shut with a foot, static camera, delightful motion, face stays consistent and stable, no morphing.",9:16
101,Alltag & Candid,Regenschirm vergessen,Beide,"[Subject]: The person from the attached reference images — identical face, hairstyle and build as shown in the references — in office casual soaked at the shoulders, laughing despite it, natural skin. [Action]: running the last steps to a shelter, newspaper held over the head. [Environment]: sudden downpour on a shopping street, others dashing blurred. [Cinematography]: tracking three-quarter shot, rain visible against dark shopfront, 9:16. [Lighting/Style]: stormy daylight, caught-in-the-rain mood. [Technical]: Photorealistic, natural skin texture, face stays consistent with the reference images.","Rain hammers as the person ducks under the awning, shakes off water and laughs, drops flying, static camera, lively motion, face stays consistent and stable, no morphing.",9:16
102,Alltag & Candid,Hund zieht zur Bäckerei,Beide,"[Subject]: The person from the attached reference images — identical face, hairstyle and build as shown in the references — in a weekend outfit with a leash in hand, amused resigned expression, natural skin. [Action]: being pulled by an eager beagle towards a bakery door. [Environment]: morning street with bakery window full of pastries, warm light spilling out. [Cinematography]: full-body side shot, leash line leading the eye, 9:16. [Lighting/Style]: warm bakery glow in cool morning, charming everyday mood. [Technical]: Photorealistic, natural skin texture, face stays consistent with the reference images.","The dog pulls with wagging tail as the person leans back laughing and gives in, steps following, static camera, playful motion, face stays consistent and stable, no morphing.",9:16
103,Alltag & Candid,Fahrkarten-Sprint,Beide,"[Subject]: The person from the attached reference images — identical face, hairstyle and build as shown in the references — in a commuter outfit with a messenger bag, determined comic urgency, natural skin. [Action]: running along a platform towards a closing train door, bag flying. [Environment]: train platform, departure board blurred, train lights on. [Cinematography]: side tracking framing, motion energy, slight blur on legs, 9:16. [Lighting/Style]: cold station light, everyday-thriller mood. [Technical]: Photorealistic, natural skin texture, face stays consistent with the reference images.","The bag swings as the person sprints and slips through the doors just in time, exhaling dramatically, doors closing, static camera, energetic motion, face stays consistent and stable, no morphing.",9:16
104,Alltag & Candid,Spiegel-Outfit-Check,Beide,"[Subject]: The person from the attached reference images — identical face, hairstyle and build as shown in the references — in a nearly-final outfit holding a second jacket option, critically amused expression, natural skin. [Action]: holding a jacket in front of the torso before a full-length mirror, head tilted. [Environment]: bedroom with clothes laid on the bed, warm lamp, mirror leaning on the wall. [Cinematography]: mirror-reflection full shot, both options visible, 9:16. [Lighting/Style]: warm bedroom light, getting-ready mood. [Technical]: Photorealistic, natural skin texture, face stays consistent with the reference images.","The jacket swaps against the torso twice as the person tilts the head and nods at the final choice, static camera, decisive motion, face stays consistent and stable, no morphing.",9:16
105,Alltag & Candid,Feierabend-Sofa-Fall,Beide,"[Subject]: The person from the attached reference images — identical face, hairstyle and build as shown in the references — in end-of-day clothes with the tie or hair just loosened, blissful exhausted expression, natural skin. [Action]: letting the body fall backwards onto a big sofa, arms spread. [Environment]: living room in evening light, remote and snacks on the table waiting. [Cinematography]: side shot at sofa level, fall frozen mid-drop, 9:16. [Lighting/Style]: soft warm evening light, sweet-collapse mood. [Technical]: Photorealistic, natural skin texture, face stays consistent with the reference images.","The person drops into the cushions which puff up softly, one arm reaching lazily for the remote, static camera, satisfying motion, face stays consistent and stable, no morphing.",9:16
106,Alltag & Candid,Pflanzen-Rettung,Beide,"[Subject]: The person from the attached reference images — identical face, hairstyle and build as shown in the references — in weekend home clothes, apologetic hopeful expression, natural skin. [Action]: holding a droopy plant up to the light, inspecting the leaves closely. [Environment]: kitchen window area, watering can ready, plant visibly dramatic. [Cinematography]: chest-up shot, plant between face and camera, 9:16. [Lighting/Style]: clear window light, plant-parent mood. [Technical]: Photorealistic, natural skin texture, face stays consistent with the reference images.","A leaf droops further as the person winces, then waters it carefully, drops darkening the soil, static camera, endearing motion, face stays consistent and stable, no morphing.",9:16