Datum,Uhrzeit,Plattform,Post-Typ,Text,Link,Bild-URL,Bildprompt,Videoprompt,Text-Overlay,Karussell-Slides,Status
01.05.2026,18:00,Instagram,Reel,"Du hast nicht zu wenig gemacht.
Du hast zu lange zu viel getragen. 💡

Die meisten Männer, die zu mir kommen, sind nicht schwach.
Sie haben jahrelang alles gegeben, alles gehalten, alles geliefert.

Irgendwann ist das Konto leer.
Das ist kein Versagen, das ist Physik.

Wenn das bei dir gerade so klingt: schreib NEUSTART in die Kommentare. Ich melde mich.

#NeustartimKopf #Männerab50 #Unternehmer",https://sicher-weiterlesen.com/e-book-neustart-im-kopf,,,"Slow motion cinematic B-Roll, a distinguished European man in his late 50s in a dark business suit, walking slowly through a modern office corridor, slightly tired but composed expression, warm amber side lighting, shallow depth of field, 9:16 vertical format, white bold text at bottom of frame reading 'Lies die Caption', photorealistic","Nicht Burnout.
Überlastung.",,Geplant
02.05.2026,18:00,Instagram,Reel,"Du sagst ja. Immer.

Zum Kunden. Zum Team. Zu jedem, der etwas will.
Und zu dir selbst sagst du nein. 🛑

Keine Zeit. Kein Raum. Keine Ruhe.

Das ist kein Zufall, das ist ein Muster.
Und Muster kann man verändern.

Wenn das bei dir gerade so klingt: schreib NEUSTART in die Kommentare. Ich melde mich.

#Grenzen #Selbstführung #NeustartimKopf",https://sicher-weiterlesen.com/e-book-neustart-im-kopf,,,"Cinematic B-Roll, a European man in his 50s at a busy desk, phone ringing, papers, laptop open, overwhelmed but holding composure, warm office light, slow motion close-ups of hands and face, 9:16 vertical, white bold text at bottom of frame reading 'Lies die Caption', photorealistic","Zu allen ja.
Zu dir nein.",,Geplant
03.05.2026,18:00,Instagram,Reel,"Drei oder mehr davon treffen auf dich zu?
Dann ist dein Nervensystem im Dauerbetrieb. 📌

Du schläfst, aber erholst dich nicht.
Kleinigkeiten triggern dich mehr als früher.
Du kannst nicht abschalten, auch wenn du willst.
Delegieren fühlt sich an wie Kontrollverlust.
Du funktionierst, aber freust dich über nichts mehr.

Das ist lösbar. Nicht durch mehr Disziplin. Durch Stabilisierung.

Wenn das bei dir gerade so klingt: schreib NEUSTART in die Kommentare. Ich melde mich.

#NeustartimKopf #Männerab50 #Führungskraft",https://sicher-weiterlesen.com/e-book-neustart-im-kopf,,,"Cinematic B-Roll, a European man in his late 50s sitting at a large desk late at night, warm but tired light, papers and laptop open, slow motion close up of tense hands, reflective atmosphere, 9:16 vertical format, white bold text at bottom of frame reading 'Lies die Caption', photorealistic","5 Zeichen.
Dauerstress.",,Geplant
04.05.2026,18:00,Instagram,Reel,"Du sitzt im Auto nach dem Meeting.
Alle haben etwas von dir gewollt.
Du hast geliefert.

Und trotzdem ist da dieses Gefühl, dass irgendetwas nicht stimmt.
Nicht dramatisch. Nur leise. 🔴

Das ist der Moment, wo Veränderung beginnt, wenn man ihn ernst nimmt.

Wenn das bei dir gerade so klingt: schreib NEUSTART in die Kommentare. Ich melde mich.

#Neustart #Männerab50 #Selbstführung",https://sicher-weiterlesen.com/e-book-neustart-im-kopf,,,"Cinematic B-Roll, a European man in his late 50s sitting alone in a luxury car in an underground parking garage, looking straight ahead with a calm but reflective expression, soft warm interior lighting, slow motion, shallow focus, 9:16 vertical format, white bold text at bottom of frame reading 'Lies die Caption', photorealistic","Kennst du
diesen Moment?",,Geplant
05.05.2026,18:00,Instagram,Reel,"Es gibt eine Art von Stärke, die man dir beigebracht hat.

Durchhalten. Nicht klagen. Liefern.

Und dann gibt es echte Stärke.
Die, die dir erlaubt zu sagen: Ich brauche hier Unterstützung. 💡

Die erste Art macht dich kaputt.
Die zweite macht dich frei.

Wenn das bei dir gerade so klingt: schreib NEUSTART in die Kommentare. Ich melde mich.

#Stärke #Unternehmer50 #NeustartimKopf",https://sicher-weiterlesen.com/e-book-neustart-im-kopf,,,"Cinematic B-Roll, two men in their 50s in a quiet modern meeting room, one leaning forward listening intently, warm professional atmosphere, soft natural light, no tension just presence, slow motion, 9:16 vertical, white bold text at bottom of frame reading 'Lies die Caption', photorealistic","Echte Stärke
sieht anders aus.",,Geplant
06.05.2026,18:00,Instagram,Reel,"Nicht mit dem Handy einschlafen.
Nicht mit dem Handy aufwachen.

Fünf Minuten, bevor du anfängst, nur du.
Kein Input. Kein Checken. Nur Stille. 🎯

Das klingt simpel.
Für die meisten Unternehmer 50+ ist es das Schwerste überhaupt.

Wenn das bei dir gerade so klingt: schreib NEUSTART in die Kommentare. Ich melde mich.

#Morgenroutine #NeustartimKopf #Männerab50",https://sicher-weiterlesen.com/e-book-neustart-im-kopf,,,"Calm cinematic B-Roll, early morning golden hour light through large windows, a man's silhouette from behind holding a coffee cup, looking out over a city skyline, slow gentle camera movement, peaceful and still atmosphere, warm golden tones, 9:16 vertical format, white bold text at bottom of frame reading 'Lies die Caption', photorealistic","Der ruhigste Morgen
beginnt abends.",,Geplant
07.05.2026,18:00,Instagram,Reel,"Drei Entscheidungen.
Keine davon ist leicht.
Alle davon sind möglich. 💡

Du hörst auf, alles kontrollieren zu wollen.
Du delegierst nicht Aufgaben, sondern Verantwortung.
Du machst aus Funktionieren wieder Führen.

Keine davon braucht mehr Disziplin.
Sie brauchen Klarheit.

Wenn das bei dir gerade so klingt: schreib NEUSTART in die Kommentare. Ich melde mich.

#Führung #Selbstführung #NeustartimKopf",https://sicher-weiterlesen.com/e-book-neustart-im-kopf,,,"Cinematic B-Roll, a distinguished European man in his 50s walking calmly through a modern glass office, confident purposeful stride, warm natural light, slow motion, 9:16 vertical format, white bold text at bottom of frame reading 'Lies die Caption', photorealistic","3 Entscheidungen.
Alles ändert sich.",,Geplant
08.05.2026,18:00,Instagram,Reel,"Du hast alles festgehalten.

Das Unternehmen. Die Kontrolle.
Die Verantwortung. Den Überblick.

Und du fragst dich, warum du erschöpft bist. 📌

Loslassen ist keine Niederlage, es ist Strategie.
Die klügsten Führungskräfte, die ich kenne, haben das verstanden.

Wenn das bei dir gerade so klingt: schreib NEUSTART in die Kommentare. Ich melde mich.

#Loslassen #Führungskraft #NeustartimKopf",https://sicher-weiterlesen.com/e-book-neustart-im-kopf,,,"Cinematic B-Roll, extreme close up slow motion of a man's hands releasing a pen onto a desk, then camera slowly pulls back to reveal him leaning back in a large executive chair, relaxed open posture, warm office lighting, 9:16 vertical format, white bold text at bottom of frame reading 'Lies die Caption', photorealistic","Loslassen ist
keine Niederlage.",,Geplant
09.05.2026,18:00,Instagram,Reel,"Neustart bedeutet nicht, alles hinzuwerfen.

Neustart bedeutet, das Richtige zu halten und den Rest loszulassen. 🎯

Firma bleibt. Verantwortung bleibt.
Aber du hörst auf, dich dabei selbst zu verlieren.

Das ist der Unterschied zwischen Funktionieren und Führen.

Wenn das bei dir gerade so klingt: schreib NEUSTART in die Kommentare. Ich melde mich.

#Neustart #Unternehmer #NeustartimKopf",https://sicher-weiterlesen.com/e-book-neustart-im-kopf,,,"Cinematic B-Roll, a European man in his late 50s standing at a large office window overlooking a city, calm and confident, morning light, professional attire, slow breathing visible, slow motion, 9:16 vertical format, white bold text at bottom of frame reading 'Lies die Caption', photorealistic","Nicht alles loslassen.
Das Richtige halten.",,Geplant
10.05.2026,18:00,Instagram,Reel,"Du hast Jahrzehnte lang Kontrolle gehalten.
Weil das die Sprache war, die funktioniert hat.

Mikromanagement war keine Schwäche.
Es war die Lösung, die früher Sinn ergab.

Aber irgendwann kostet sie mehr als sie bringt. 🔴

Vertrauen ist keine Naivität.
Es ist die nächste Stufe von Führung.

Wenn das bei dir gerade so klingt: schreib NEUSTART in die Kommentare. Ich melde mich.

#Vertrauen #Führungskraft #NeustartimKopf",https://sicher-weiterlesen.com/e-book-neustart-im-kopf,,,"Cinematic B-Roll, a European man in his 50s in a boardroom, he pauses and leans back while colleagues speak, his expression shifts from tense to calm, warm professional lighting, slow motion, 9:16 vertical, white bold text at bottom of frame reading 'Lies die Caption', photorealistic","Kontrolle loslassen
ist auch Führung.",,Geplant
11.05.2026,18:00,Instagram,Reel,"Es gibt eine Stimme in dir.
Die sagt, dass es nicht gut genug ist.
Noch nicht. Noch mehr. Noch besser.

Diese Stimme hat dich weit gebracht.
Sie hat auch ihren Preis. 💡

Wenn du anfängst, sie zu erkennen statt ihr zu glauben,
ändert sich alles.

Wenn das bei dir gerade so klingt: schreib NEUSTART in die Kommentare. Ich melde mich.

#InnererKritiker #Selbstführung #NeustartimKopf",https://sicher-weiterlesen.com/e-book-neustart-im-kopf,,,"Cinematic slow motion B-Roll, a European man in his late 50s looking into a mirror in a well-lit modern bathroom, reflective expression, calm neutral face, warm morning light, 9:16 vertical format, white bold text at bottom of frame reading 'Lies die Caption', photorealistic","Die Stimme, die
dich antreibt.",,Geplant
12.05.2026,18:00,Instagram,Reel,"Du hast viel erreicht.
Das steht außer Frage.

Aber was hat es gekostet?

Nicht in Euro.
In Schlaf. In Gegenwart. In Leichtigkeit. 📌

Der nächste Schritt ist nicht mehr leisten.
Er ist bewusst entscheiden, was du noch zahlen willst.

Wenn das bei dir gerade so klingt: schreib NEUSTART in die Kommentare. Ich melde mich.

#Erfolg #Unternehmer50 #NeustartimKopf",https://sicher-weiterlesen.com/e-book-neustart-im-kopf,,,"Cinematic B-Roll, extreme close up of a luxury watch on a man's wrist, then slow pull back to reveal him sitting alone in a quiet upscale restaurant, contemplative mood, warm evening light, 9:16 vertical, white bold text at bottom of frame reading 'Lies die Caption', photorealistic","Was hat
Erfolg gekostet?",,Geplant
13.05.2026,18:00,Instagram,Reel,"Kopfschmerzen. Rücken. Schlafprobleme.
Dein Körper schickt dir seit Monaten Nachrichten.

Du hast sie gelesen.
Und dann doch weitergepusht. 🛑

Der Körper hört nicht auf zu schreiben.
Er dreht nur die Lautstärke hoch.

Wenn das bei dir gerade so klingt: schreib NEUSTART in die Kommentare. Ich melde mich.

#Gesundheit #Unternehmer #NeustartimKopf",https://sicher-weiterlesen.com/e-book-neustart-im-kopf,,,"Cinematic B-Roll, a European man in his late 50s sitting in a quiet doctor's waiting room, looking at his hands, slightly hunched, then slowly sitting up straight with resolve, warm neutral lighting, slow motion, 9:16 vertical, white bold text at bottom of frame reading 'Lies die Caption', photorealistic","Der Körper
schreibt mit.",,Geplant
14.05.2026,18:00,Instagram,Reel,"Du bist nicht jung und unerfahren.
Du bist 50+ und weißt genau, was nicht mehr funktioniert.

Das ist kein Nachteil.
Das ist der größte Vorteil, den du haben kannst. 💡

Neustart bedeutet nicht, alles zu vergessen.
Es bedeutet, das Wichtigste endlich anzuwenden.

Wenn das bei dir gerade so klingt: schreib NEUSTART in die Kommentare. Ich melde mich.

#Neustart #Männerab50 #NeustartimKopf",https://sicher-weiterlesen.com/e-book-neustart-im-kopf,,,"Cinematic B-Roll, a distinguished European man in his late 50s with silver hair, standing at the top of a modern staircase in a glass building, looking forward with calm determination, golden hour light from behind, 9:16 vertical, white bold text at bottom of frame reading 'Lies die Caption', photorealistic","50+ und
erst am Anfang.",,Geplant
