"Datum","Uhrzeit","Plattform","Post-Typ","Text","Link","Bild-URL","Bildprompt","Videoprompt","Text-Overlay","Karussell-Slides","Status","Musik-URL"
"01.07.2026","09:00","Instagram","Story","🤖 KI macht keinen Urlaub. Genau deshalb lohnt es sich, jetzt ein System einzurichten.

Wenn dich das interessiert, schreib START. Link auch in der Bio.","https://sicher-weiterlesen.com/ki-prompt-paket","","","Editorial newspaper illustration style, middle-aged European man, salt-and-pepper hair, short gray beard, calm serious face, AI workflow diagram in background, dark background, 9:16 portrait","KI schläft nicht.
Du kannst es.","","Geplant",""
"01.07.2026","18:00","Instagram","Reel","🤖 KI schläft nicht, macht keinen Urlaub und vergisst keine Aufgabe. 💡

Das klingt simpel. Aber für viele die noch nicht damit gearbeitet haben, klingt es auch unrealistisch.

Es ist beides: simpel UND möglich. Man braucht nur zu wissen wie man anfängt.

Das KI-Starter-Paket zeigt dir Schritt für Schritt wie. Kein Fachwissen nötig. 📲

Wenn dich das interessiert, schreib START. Link auch in der Bio.

#KI #Automatisierung #OnlineBusiness","https://sicher-weiterlesen.com/ki-prompt-paket","","","Cinematic B-Roll, close-up of a smartphone with AI app on screen, glowing in the dark, automation visualization, 9:16 vertical format, photorealistic","KI macht keinen
Urlaub.","","Geplant",""
"02.07.2026","09:00","Instagram","Story","⏰ Morgens eine Stunde KI einsetzen, nachmittags die Ergebnisse sehen. So funktioniert das. 🎯

Wenn dich das interessiert, schreib START. Link auch in der Bio.","https://sicher-weiterlesen.com/ki-prompt-paket","","","Editorial newspaper illustration style, middle-aged European man, salt-and-pepper hair, short gray beard, calm serious face, morning workflow timeline, dark background, 9:16 portrait","Eine Stunde.
Dann läuft es.","","Geplant",""
"02.07.2026","18:00","Instagram","Reel","⏰ Eine Stunde am Morgen. KI erledigt den Rest. 🎯

Kein Witz. So nutzen Menschen KI heute schon im Alltag.

Texte schreiben. E-Mails beantworten. Social Media planen. Kundenfragen automatisch versorgen.

Das klingt nach großem Aufwand. Mit den richtigen Prompts dauert das Einrichten oft weniger als eine Stunde. 💡

Wenn dich das interessiert, schreib START. Link auch in der Bio. Ich zeig dir wie.

#KI #Workflow #Produktivität","https://sicher-weiterlesen.com/ki-prompt-paket","","","Cinematic B-Roll, multiple screens showing productivity apps, hands working efficiently at desk, warm ambient light, 9:16 vertical format, photorealistic","Eine Stunde morgens.
KI macht den Rest.","","Gepostet",""
"03.07.2026","09:00","Instagram","Story","📝 Prompts sind der Unterschied zwischen KI die schlechte Ergebnisse liefert und KI die wirklich hilft.

Wenn dich das interessiert, schreib START. Link auch in der Bio.","https://sicher-weiterlesen.com/ki-prompt-paket","","","Editorial newspaper illustration style, middle-aged European man, salt-and-pepper hair, short gray beard, calm serious face, prompt text on screen background, dark background, 9:16 portrait","Guter Prompt.
Gutes Ergebnis.","","Gepostet",""
"03.07.2026","18:00","Instagram","Reel","📝 Warum bekommt die eine Person brauchbare Ergebnisse aus KI und die andere nicht? 🤔

Meistens liegt es am Prompt.

Ein Prompt ist die Anweisung die du KI gibst. Wer das richtig macht bekommt Texte, Ideen, Analysen die wirklich funktionieren.

Wer KI wie eine Suchmaschine benutzt bekommt mittelmäßige Antworten. 💡

Der Unterschied ist lernbar. Das KI-Starter-Paket zeigt dir wie. Schreib START. 📲

#KIPrompts #KI #Lernen","https://sicher-weiterlesen.com/ki-prompt-paket","","","Cinematic B-Roll, close-up of hands typing a detailed prompt on a keyboard, screen glowing, focused and deliberate, 9:16 vertical format, photorealistic","Der Prompt
macht den Unterschied.","","Gepostet",""
"04.07.2026","09:00","Instagram","Story","🎯 Kein Programmieren. Kein Studium. Trotzdem KI effektiv nutzen. Das lernst du in wenigen Stunden. 📲

Wenn dich das interessiert, schreib START. Link auch in der Bio.","https://sicher-weiterlesen.com/ki-prompt-paket","","","Editorial newspaper illustration style, middle-aged European man, salt-and-pepper hair, short gray beard, calm serious face, no-code AI workflow icons, dark background, 9:16 portrait","Kein Code nötig.
KI einfach nutzen.","","Gepostet",""
"04.07.2026","18:00","Instagram","Reel","🎯 Viele denken, KI ist nur etwas für Tech-Leute. Das stimmt nicht mehr. 🤖

Heute kannst du ohne eine einzige Zeile Code:

KI für Texte nutzen. Für Bilder. Für Planung. Für Ideen. Für Analysen.

Du brauchst nur zu wissen wo du anfängst und welche Prompts dir die besten Ergebnisse bringen. 💡

Das zeig ich dir im Starter-Paket. Schreib START.

#KI #Einsteiger #Anfangen","https://sicher-weiterlesen.com/ki-prompt-paket","","","Cinematic B-Roll, person using a phone for AI tasks in a cozy home office, no tech lab, just a smartphone and coffee, accessible and approachable, 9:16 vertical format, photorealistic","Kein Tech-Profi nötig.
Einfach anfangen.","","Geplant",""
"05.07.2026","09:00","Instagram","Story","🧠 KI für E-Mails die du früher eine Stunde gebraucht hättest. Heute fünf Minuten.

Wenn dich das interessiert, schreib START. Link auch in der Bio.","https://sicher-weiterlesen.com/ki-prompt-paket","","","Editorial newspaper illustration style, middle-aged European man, salt-and-pepper hair, short gray beard, calm serious face, email inbox with AI icon, dark background, 9:16 portrait","E-Mail in
fünf Minuten.","","Geplant",""
"05.07.2026","18:00","Instagram","Reel","🧠 E-Mails schreiben. Angebote formulieren. Berichte zusammenfassen. 📧

Das frisst Zeit. Jeden Tag.

Mit KI geht das schneller. Nicht weil die KI denkt, sondern weil du weißt wie du sie anleitest.

Ein guter Prompt spart dir täglich dreißig Minuten. Über ein Jahr sind das fast neun Tage. ⏰

Das KI-Starter-Paket zeigt dir wie. Schreib START.

#KI #Produktivität #Zeitsparen","https://sicher-weiterlesen.com/ki-prompt-paket","","","Cinematic B-Roll, close-up of email on a screen, cursor moving fast, efficient work at a clean desk, 9:16 vertical format, photorealistic","Dreißig Minuten täglich
gespart.","","Gepostet",""
"06.07.2026","09:00","Instagram","Story","📱 Du machst Urlaub. Dein Instagram wächst trotzdem weiter. Das ist kein Glück. Das ist System. 🌴

Wenn dich das interessiert, schreib AUTOPILOT.","https://sicher-weiterlesen.com/instagram-autopilot","","","Editorial newspaper illustration style, middle-aged European man, salt-and-pepper hair, short gray beard, calm serious face, Instagram automation flowchart, dark background, 9:16 portrait","Urlaub. Instagram
wächst trotzdem.","","Gepostet",""
"06.07.2026","18:00","Instagram","Reel","📱 Was wäre wenn dein Instagram weiter wächst während du am Strand liegst? 🌴

Nicht mit Glück. Mit System.

Der Instagram Autopilot plant, erstellt und postet Inhalte für dich, ganz automatisch.

Du musst nicht täglich dran denken. Du musst keinen Content mehr manuell erstellen. 🤖

Das System läuft, du machst Urlaub.

Wenn dich das interessiert, schreib AUTOPILOT.

#InstagramAutopilot #Automation #SocialMedia","https://sicher-weiterlesen.com/instagram-autopilot","","","Cinematic B-Roll, smartphone on a beach towel posting automatically, Instagram notification appearing, sunny relaxed setting, 9:16 vertical format, photorealistic","Urlaub. Instagram
läuft automatisch.","","Gepostet",""
"07.07.2026","09:00","Instagram","Story","🤖 Automatisch auf Instagram posten ohne manuellen Aufwand. Das gibt es und es ist einfacher als du denkst.

Schreib AUTOPILOT.","https://sicher-weiterlesen.com/instagram-autopilot","","","Editorial newspaper illustration style, middle-aged European man, salt-and-pepper hair, short gray beard, calm serious face, automation gears, dark background, 9:16 portrait","Automatisch.
Ohne Aufwand.","","Gepostet",""
"07.07.2026","18:00","Instagram","Reel","🤖 Jeden Tag denken: Was poste ich heute? Was ist die richtige Caption? Welches Bild passt?

Das kostet Zeit und Energie. Täglich. 📱

Der Instagram Autopilot übernimmt das komplett. Inhalte werden automatisch generiert, geplant und gepostet.

Ohne dass du jeden Tag vor dem Handy sitzt. 💡

Wenn dich das interessiert, schreib AUTOPILOT. Ich erkläre dir wie das funktioniert.

#Instagram #Autopilot #Contentplan","https://sicher-weiterlesen.com/instagram-autopilot","","","Cinematic B-Roll, Instagram feed updating automatically on a phone screen, no human hand needed, clean minimalist setup, 9:16 vertical format, photorealistic","Kein täglicher
Aufwand mehr.","","Gepostet",""
"08.07.2026","09:00","Instagram","Story","📊 Instagram wächst automatisch auch wenn du gerade etwas anderes machst. Das ist kein Zaubertrick. 🎯

Schreib AUTOPILOT.","https://sicher-weiterlesen.com/instagram-autopilot","","","Editorial newspaper illustration style, middle-aged European man, salt-and-pepper hair, short gray beard, calm serious face, Instagram growth chart, dark background, 9:16 portrait","Wächst automatisch.
Auch ohne dich.","","Gepostet",""
"08.07.2026","18:00","Instagram","Reel","📊 Social Media braucht Konsistenz. Jeden Tag posten, immer aktiv sein, immer dabei.

Wer das manuell macht, weiß: es ist erschöpfend. 😮‍💨

Der Autopilot löst genau das. Du richtest es einmal ein und das System läuft.

Deine Zielgruppe bekommt regelmäßig Inhalte. Dein Account wächst. Du bist dabei oder auch nicht. 🤖

Schreib AUTOPILOT wenn dich das interessiert.

#InstagramGrowth #Automation #BusinessGrowth","https://sicher-weiterlesen.com/instagram-autopilot","","","Cinematic B-Roll, Instagram analytics screen showing consistent growth, no manual effort visible, clean modern setup, 9:16 vertical format, photorealistic","Konsistenz ohne
täglichen Aufwand.","","Gepostet",""
"09.07.2026","09:00","Instagram","Story","⚡ Einmal einrichten, dauerhaft profitieren. Genau so funktioniert Instagram Automation. 🤖

Schreib AUTOPILOT.","https://sicher-weiterlesen.com/instagram-autopilot","","","Editorial newspaper illustration style, middle-aged European man, salt-and-pepper hair, short gray beard, calm serious face, one-time setup concept, dark background, 9:16 portrait","Einmal einrichten.
Dauerhaft laufen.","","Geplant",""
"09.07.2026","18:00","Instagram","Reel","⚡ Stell dir vor du richtest einmal ein System ein.

Und dann postet Instagram automatisch für dich. Jeden Tag. Zur richtigen Zeit. Mit dem richtigen Content. 📱

Keine Prokrastination. Keine leeren Wochen. Kein manueller Aufwand.

Nur Wachstum, im Hintergrund, während du andere Dinge machst. 💡

Schreib AUTOPILOT, dann erkläre ich dir wie das aufgebaut ist.

#SocialMediaAutomation #Instagram #Effizienz","https://sicher-weiterlesen.com/instagram-autopilot","","","Cinematic B-Roll, automated workflow visualization on multiple screens, hands-free operation concept, modern workspace, 9:16 vertical format, photorealistic","System einmal einrichten.
Dann läuft es.","","Geplant",""
"10.07.2026","09:00","Instagram","Story","💰 Accounts die täglich posten wachsen schneller. Aber du kannst nicht täglich ran. Der Autopilot schon. 📲

Schreib AUTOPILOT.","https://sicher-weiterlesen.com/instagram-autopilot","","","Editorial newspaper illustration style, middle-aged European man, salt-and-pepper hair, short gray beard, calm serious face, daily posting calendar, dark background, 9:16 portrait","Täglich posten.
Ohne es zu merken.","","Geplant",""
"10.07.2026","18:00","Instagram","Reel","💰 Der Instagram Algorithmus belohnt Konsistenz.

Accounts die täglich aktiv sind bekommen mehr Reichweite. Mehr Sichtbarkeit. Mehr Follower. 📈

Das Problem: täglich zu posten ist zeitaufwändig.

Mit dem Instagram Autopilot wird aus einem manuellen Prozess ein automatisches System. Du wachst auf und der Post ist schon raus. 🤖

Schreib AUTOPILOT wenn du wissen willst wie das funktioniert.

#Instagram #Wachstum #SocialMedia","https://sicher-weiterlesen.com/instagram-autopilot","","","Cinematic B-Roll, Instagram notification of a new post appearing at sunrise, automated, no one awake yet, 9:16 vertical format, photorealistic","Der Post ist raus.
Noch bevor du aufwachst.","","Geplant",""
"11.07.2026","09:00","Instagram","Story","📋 Content-Plan erstellen mit KI. Was früher Stunden brauchte dauert heute eine halbe Stunde. 💡

Wenn dich das interessiert, schreib START. Link auch in der Bio.","https://sicher-weiterlesen.com/ki-prompt-paket","","","Editorial newspaper illustration style, middle-aged European man, salt-and-pepper hair, short gray beard, calm serious face, content calendar AI generated, dark background, 9:16 portrait","Monatsplan.
In dreißig Minuten.","","Geplant",""
"11.07.2026","18:00","Instagram","Reel","📋 Jeden Monat einen neuen Content-Plan erstellen.

Was schreibe ich diese Woche? Was poste ich auf Instagram? Wie verknüpfe ich das mit meinem Produkt? 🤔

Das kostet Zeit, Kopfarbeit und oft auch Energie.

Mit den richtigen KI-Prompts gehst du in dreißig Minuten raus mit einem vollständigen Plan für den ganzen Monat. 💡

Das zeig ich dir im Starter-Paket. Schreib START.

#KI #ContentCreation #Planung","https://sicher-weiterlesen.com/ki-prompt-paket","","","Cinematic B-Roll, content calendar appearing automatically on a screen, organized and complete, someone relaxing nearby, 9:16 vertical format, photorealistic","Monatsplan in
dreißig Minuten.","","Gepostet",""
"12.07.2026","09:00","Instagram","Story","🖊️ KI schreibt deinen ersten Entwurf. Du verbesserst ihn. In der Hälfte der Zeit fertig. 📝

Wenn dich das interessiert, schreib START. Link auch in der Bio.","https://sicher-weiterlesen.com/ki-prompt-paket","","","Editorial newspaper illustration style, middle-aged European man, salt-and-pepper hair, short gray beard, calm serious face, first draft document with AI icon, dark background, 9:16 portrait","Erster Entwurf.
In Minuten.","","Gepostet",""
"12.07.2026","18:00","Instagram","Reel","🖊️ Der erste Entwurf ist immer der schwerste.

Das leere Blatt. Die fehlende Idee. Der Satz der einfach nicht kommt. 😤

KI überwindet das. Du gibst den Kontext, KI liefert den ersten Entwurf. Du verbesserst, passt an, machst ihn zu deinem.

Ergebnis: gute Texte in der halben Zeit. 💡

Schreib START und ich zeig dir welche Prompts dabei am besten funktionieren.

#KI #TexteSchreiben #Effizienz","https://sicher-weiterlesen.com/ki-prompt-paket","","","Cinematic B-Roll, blank page suddenly filled with text via AI, writer relief, clean workspace, 9:16 vertical format, photorealistic","Leeres Blatt.
KI füllt es.","","Gepostet",""
"13.07.2026","09:00","Instagram","Story","🎤 KI für Präsentationen. Struktur, Kernaussagen, Folien in dreißig Minuten. 💡

Wenn dich das interessiert, schreib START. Link auch in der Bio.","https://sicher-weiterlesen.com/ki-prompt-paket","","","Editorial newspaper illustration style, middle-aged European man, salt-and-pepper hair, short gray beard, calm serious face, presentation slides generated by AI, dark background, 9:16 portrait","Präsentation fertig.
In dreißig Minuten.","","Gepostet",""
"13.07.2026","18:00","Instagram","Reel","🎤 Präsentation für morgen früh. Keine Zeit. Kein Skript. 😮‍💨

Das kennt fast jeder der regelmäßig präsentiert.

Mit dem richtigen KI-Prompt gibst du Thema, Zielgruppe und Kernbotschaft ein. KI liefert dir eine komplette Struktur mit Punkten für jede Folie.

Du brauchst keine Ideen mehr aus dem Nichts holen. 💡

Schreib START wenn dich das interessiert.

#KI #Präsentation #Produktivität","https://sicher-weiterlesen.com/ki-prompt-paket","","","Cinematic B-Roll, presentation deck appearing on screen quickly, organized slides, confident preparation, 9:16 vertical format, photorealistic","Präsentation morgen.
KI macht die Struktur.","","Gepostet",""
"14.07.2026","09:00","Instagram","Story","💬 KI-Antworten für häufige Kundenfragen. Einmal erstellt, dauerhaft genutzt. 📲

Wenn dich das interessiert, schreib START. Link auch in der Bio.","https://sicher-weiterlesen.com/ki-prompt-paket","","","Editorial newspaper illustration style, middle-aged European man, salt-and-pepper hair, short gray beard, calm serious face, customer FAQ with AI responses, dark background, 9:16 portrait","Kundenfragen.
KI antwortet.","","Gepostet",""
"14.07.2026","18:00","Instagram","Reel","💬 Immer wieder dieselben Kundenfragen beantworten. 📧

Was kostet das? Wie läuft das ab? Wie lange dauert das?

Das frisst Zeit die du besser verwenden könntest.

Mit KI baust du dir einmal eine Bibliothek von Antworten auf. Angepasst an deinen Ton. Dein Business. Deine Kunden. 💡

Ab da geht jede Antwort fünf Mal schneller. Schreib START.

#KI #Kundenservice #Effizienz","https://sicher-weiterlesen.com/ki-prompt-paket","","","Cinematic B-Roll, chat interface with instant AI responses appearing, customer service efficiency, clean screen, 9:16 vertical format, photorealistic","Dieselben Fragen.
Einmal beantworten.","","Gepostet",""
"15.07.2026","09:00","Instagram","Story","⚙️ KI als persönlicher Assistent. Nicht teuer. Nicht kompliziert. Jetzt schon möglich. 🤖

Wenn dich das interessiert, schreib START. Link auch in der Bio.","https://sicher-weiterlesen.com/ki-prompt-paket","","","Editorial newspaper illustration style, middle-aged European man, salt-and-pepper hair, short gray beard, calm serious face, AI assistant icon, dark background, 9:16 portrait","KI als Assistent.
Heute schon möglich.","","Gepostet",""
"15.07.2026","18:00","Instagram","Reel","⚙️ Du hast keinen persönlichen Assistenten.

Aber du hast ein Smartphone. Und du hast Zugang zu KI-Tools die heute jeder nutzen kann. 📱

Recherche übernehmen. Texte zusammenfassen. Ideen sortieren. Aufgaben priorisieren.

Das sind Aufgaben die KI für dich erledigt, wenn du weißt wie du sie einsetzt. 💡

Schreib START und ich zeig dir die besten Tools und Prompts dafür.

#KI #Assistent #Produktivität","https://sicher-weiterlesen.com/ki-prompt-paket","","","Cinematic B-Roll, smartphone acting as a personal assistant, multiple tasks being handled, clean minimalist desk, 9:16 vertical format, photorealistic","Persönlicher Assistent.
In der Hosentasche.","","Gepostet",""
"16.07.2026","09:00","Instagram","Story","🚀 Instagram Autopilot: dein Account wächst weiter auch wenn du andere Dinge machst. 📱

Schreib AUTOPILOT.","https://sicher-weiterlesen.com/instagram-autopilot","","","Editorial newspaper illustration style, middle-aged European man, salt-and-pepper hair, short gray beard, calm serious face, rocket launch with Instagram icon, dark background, 9:16 portrait","Account wächst.
Du machst anderes.","","Gepostet",""
"16.07.2026","18:00","Instagram","Reel","🚀 Viele wissen, dass sie auf Instagram aktiver sein müssten.

Aber zwischen Arbeit, Familie und allem anderen bleibt kaum Zeit für tägliche Posts. 😮‍💨

Der Autopilot ändert das. Nicht weil du mehr Zeit bekommst. Sondern weil das System die Zeit übernimmt.

Automatisch. Täglich. Ohne dass du jeden Abend daran denken musst. 🤖

Schreib AUTOPILOT wenn du wissen willst wie das konkret aussieht.

#InstagramAutopilot #SocialMedia #Automation","https://sicher-weiterlesen.com/instagram-autopilot","","","Cinematic B-Roll, Instagram growing on autopilot, account metrics rising, person doing other things in background, 9:16 vertical format, photorealistic","Aktiv auf Instagram.
Ohne dabei zu sein.","","Gepostet",""
"17.07.2026","09:00","Instagram","Story","📆 Einen Monat Instagram-Content planen und automatisch posten lassen. Mit dem Autopiloten geht das. 🤖

Schreib AUTOPILOT.","https://sicher-weiterlesen.com/instagram-autopilot","","","Editorial newspaper illustration style, middle-aged European man, salt-and-pepper hair, short gray beard, calm serious face, monthly content calendar with auto-post icons, dark background, 9:16 portrait","Monatsplan.
Läuft automatisch.","","Gepostet",""
"17.07.2026","18:00","Instagram","Reel","📆 Einen ganzen Monat Content auf Instagram.

Wenn man das manuell macht: täglich ein bis zwei Stunden für Ideen, Texte, Bilder, Timing. 📱

Mit dem Autopiloten richtest du den Plan einmal ein. Das System postet automatisch zur besten Zeit.

Mehr Reichweite. Weniger Aufwand. Mehr Zeit für das was wirklich dein Geld verdient. 💡

Schreib AUTOPILOT dann erkläre ich wie das konkret funktioniert.

#Instagram #Automatisierung #SocialMediaMarketing","https://sicher-weiterlesen.com/instagram-autopilot","","","Cinematic B-Roll, content plan on screen auto-scheduling, time-saving visualization, efficient home office, 9:16 vertical format, photorealistic","Plan einmal machen.
Monat läuft.","","Gepostet",""
"18.07.2026","09:00","Instagram","Story","🌍 Während du schläfst wächst dein Instagram-Account. Das ist keine Magie. Das ist Automation. 🤖

Schreib AUTOPILOT.","https://sicher-weiterlesen.com/instagram-autopilot","","","Editorial newspaper illustration style, middle-aged European man, salt-and-pepper hair, short gray beard, calm serious face, night sky with Instagram icons spreading, dark background, 9:16 portrait","Nachts schlafen.
Instagram wächst.","","Gepostet",""
"18.07.2026","18:00","Instagram","Reel","🌍 Mittags ein Post. Abends eine Story. Frühmorgens ein Reel.

Nicht von dir. Automatisch. 🤖

Der Instagram Autopilot postet zu den Zeiten die für deine Zielgruppe am besten sind. Du sitzt nicht dran.

Dein Account bleibt aktiv. Der Algorithmus bemerkt es. Deine Reichweite wächst. 📈

Schreib AUTOPILOT wenn du verstehen willst wie das aufgebaut ist.

#InstagramMarketing #Automation #ContentPlan","https://sicher-weiterlesen.com/instagram-autopilot","","","Cinematic B-Roll, Instagram posting at 3am automatically, phone screen lighting up with a new post, no one awake, 9:16 vertical format, photorealistic","Posts raus.
Du schläfst noch.","","Gepostet",""
"19.07.2026","09:00","Instagram","Story","📈 Wachstum ohne täglichen manuellen Aufwand auf Instagram. Das ist heute technisch möglich. 💡

Schreib AUTOPILOT.","https://sicher-weiterlesen.com/instagram-autopilot","","","Editorial newspaper illustration style, middle-aged European man, salt-and-pepper hair, short gray beard, calm serious face, upward growth arrow with automation icon, dark background, 9:16 portrait","Wachstum.
Automatisch.","","Gepostet",""
"19.07.2026","18:00","Instagram","Reel","📈 Warum wächst ein Account und ein anderer steht still?

Nicht immer am Content. Oft an der Frequenz. 📱

Accounts die täglich posten bekommen vom Algorithmus mehr Reichweite als Accounts die sporadisch aktiv sind.

Der Autopilot sorgt für diese Frequenz. Automatisch, ohne dass du jeden Tag ran musst. 🤖

Schreib AUTOPILOT und ich zeig dir wie das konkret aussieht.

#InstagramGrowth #SocialMedia #Automation","https://sicher-weiterlesen.com/instagram-autopilot","","","Cinematic B-Roll, two Instagram accounts side by side, one growing fast, one stagnant, the difference is automation, 9:16 vertical format, photorealistic","Frequenz gewinnt.
Autopilot liefert sie.","","Gepostet",""
"20.07.2026","09:00","Instagram","Story","⏰ Einmal einrichten. Dauerhaft laufen lassen. Das ist die Logik hinter dem Instagram Autopiloten. 🤖

Schreib AUTOPILOT.","https://sicher-weiterlesen.com/instagram-autopilot","","","Editorial newspaper illustration style, middle-aged European man, salt-and-pepper hair, short gray beard, calm serious face, one setup many results concept, dark background, 9:16 portrait","Einmal aufsetzen.
Immer laufen.","","Gepostet",""
"20.07.2026","18:00","Instagram","Reel","⏰ Die meisten denken, Social Media ist tägliche Arbeit.

Das stimmt, wenn man es manuell macht. 📱

Mit dem Autopiloten richtest du das System einmal ein. Du planst Inhalte, definierst den Rhythmus und das System übernimmt die Ausführung.

Du machst deine Arbeit. Der Autopilot macht seine. 🤖

Schreib AUTOPILOT dann erkläre ich dir wie das konkret aussieht.

#Instagram #Automation #Effizienz","https://sicher-weiterlesen.com/instagram-autopilot","","","Cinematic B-Roll, system running on its own, gears turning without human hands, efficient automation concept, 9:16 vertical format, photorealistic","Du arbeitest.
Autopilot auch.","","Gepostet",""
"21.07.2026","09:00","Instagram","Story","📝 KI schreibt Social-Media-Captions. Du passt sie an. Fertig in Minuten statt Stunden. 💡

Schreib START.","https://sicher-weiterlesen.com/ki-prompt-paket","","","Editorial newspaper illustration style, middle-aged European man, salt-and-pepper hair, short gray beard, calm serious face, social media captions generated by AI, dark background, 9:16 portrait","Captions.
In Minuten fertig.","","Gepostet",""
"21.07.2026","18:00","Instagram","Reel","📝 Jeden Tag eine gute Caption schreiben. 📱

Was sage ich heute? Wie formuliere ich das? Ist das überzeugend?

Das kostet Energie die man eigentlich für das Kerngeschäft braucht.

Mit KI-Prompts beschreibst du kurz das Thema und bekommst drei Caption-Entwürfe zurück. Du wählst, passt an, fertig. 💡

Schreib START wenn dich das interessiert. Ich zeig dir wie.

#KI #SocialMedia #ContentCreation","https://sicher-weiterlesen.com/ki-prompt-paket","","","Cinematic B-Roll, three caption options appearing on screen, quick selection, copy-paste ready, 9:16 vertical format, photorealistic","Drei Entwürfe.
Du wählst einen.","","Gepostet",""
"22.07.2026","09:00","Instagram","Story","🔗 KI für Networking-Texte: Kontaktanfragen, Dankes-E-Mails, Followups. Alles schneller. 📧

Schreib START.","https://sicher-weiterlesen.com/ki-prompt-paket","","","Editorial newspaper illustration style, middle-aged European man, salt-and-pepper hair, short gray beard, calm serious face, networking email templates with AI, dark background, 9:16 portrait","Networking-Texte.
KI schreibt sie.","","Gepostet",""
"22.07.2026","18:00","Instagram","Reel","🔗 Networking kostet Zeit. Nicht das Gespräch. Der Teil danach. 📧

Nachfolge-E-Mail schreiben. LinkedIn-Anfrage formulieren. Danke-Nachricht senden.

Das ist Arbeit die sich aufbaut wenn man viel unterwegs ist.

Mit dem richtigen KI-Prompt hast du eine gute Folge-E-Mail in zwei Minuten fertig. Klingt nach dir. Spart Zeit. 💡

Schreib START und ich zeig dir welche Prompts ich dafür nutze.

#KI #Networking #Produktivität","https://sicher-weiterlesen.com/ki-prompt-paket","","","Cinematic B-Roll, follow-up email written in seconds with AI, LinkedIn connection request appearing, efficient professional communication, 9:16 vertical format, photorealistic","Networking-E-Mail.
Zwei Minuten.","","Gepostet",""
"23.07.2026","09:00","Instagram","Story","🧪 KI ausprobieren kostet nichts. Der erste Schritt ist der einzige der wirklich zählt. 🎯

Schreib START.","https://sicher-weiterlesen.com/ki-prompt-paket","","","Editorial newspaper illustration style, middle-aged European man, salt-and-pepper hair, short gray beard, calm serious face, first step into AI world visualization, dark background, 9:16 portrait","Der erste Schritt.
Kosten: nix.","","Gepostet",""
"23.07.2026","18:00","Instagram","Reel","🧪 Viele zögern mit KI.

Nicht weil sie denken, es funktioniert nicht. Sondern weil sie nicht wissen wo sie anfangen sollen. 🤔

Der erste Schritt ist kleiner als du denkst. Ein Tool. Ein guter Prompt. Eine Aufgabe. Ausprobieren.

Das Starter-Paket nimmt dir genau diese Hürde. Es zeigt dir Schritt für Schritt womit du anfängst und was wirklich funktioniert. 💡

Schreib START.

#KI #Anfangen #Einsteiger","https://sicher-weiterlesen.com/ki-prompt-paket","","","Cinematic B-Roll, first step being taken into new territory, footstep forward, beginner energy, approachable and clear, 9:16 vertical format, photorealistic","Wo anfangen?
Genau hier.","","Gepostet",""
"24.07.2026","09:00","Instagram","Story","🎬 KI für Video-Skripte. Thema eingeben, Skript bekommen, anpassen, aufnehmen. 🎤

Schreib START.","https://sicher-weiterlesen.com/ki-prompt-paket","","","Editorial newspaper illustration style, middle-aged European man, salt-and-pepper hair, short gray beard, calm serious face, video script on screen with AI icon, dark background, 9:16 portrait","Video-Skript.
KI schreibt es.","","Gepostet",""
"24.07.2026","18:00","Instagram","Reel","🎬 Ein Video-Skript schreiben ist zeitaufwändig.

Was ist die Kernbotschaft? Wie fange ich an? Wie ende ich mit einem guten CTA? 🤔

Mit KI-Prompts beschreibst du das Thema, die Länge und den Ton. KI liefert ein komplettes Skript. Du passt es an deine Stimme an.

Statt Stunden: zwanzig Minuten. 💡

Schreib START wenn du wissen willst welche Prompts dafür funktionieren.

#KI #VideoContent #SocialMedia","https://sicher-weiterlesen.com/ki-prompt-paket","","","Cinematic B-Roll, video script appearing on screen, complete and structured, ready to record, clean setup, 9:16 vertical format, photorealistic","Skript fertig.
Kamera an.","","Geplant",""
"25.07.2026","09:00","Instagram","Story","🤝 KI als Sparringspartner für Geschäftsideen. Besser als mancher Ratgeber. 💡

Schreib START.","https://sicher-weiterlesen.com/ki-prompt-paket","","","Editorial newspaper illustration style, middle-aged European man, salt-and-pepper hair, short gray beard, calm serious face, brainstorming session with AI partner, dark background, 9:16 portrait","KI als
Sparringspartner.","","Gepostet",""
"25.07.2026","18:00","Instagram","Reel","🤝 Eine neue Geschäftsidee. Aber kein Sparringspartner der Zeit hat. 🤔

KI übernimmt das. Du beschreibst die Idee. Du fragst nach Schwächen, nach Chancen, nach dem was du übersehen haben könntest.

KI denkt mit. Neutral. Ohne Eigeninteresse. Mit mehr Wissen als die meisten Ratgeber. 💡

Das ist ein echtes Werkzeug für Unternehmer. Schreib START und ich zeig dir wie du KI als Sparringspartner einsetzt.

#KI #Unternehmer #Strategie","https://sicher-weiterlesen.com/ki-prompt-paket","","","Cinematic B-Roll, two chairs facing each other, one empty representing AI, business idea notes between them, collaborative thinking, 9:16 vertical format, photorealistic","Idee besprechen.
KI hört zu.","","Gepostet",""
"26.07.2026","09:00","Instagram","Story","💌 KI für Newsletter: Struktur, Text, Betreffzeile. In dreißig Minuten fertig. 📧

Schreib START.","https://sicher-weiterlesen.com/ki-prompt-paket","","","Editorial newspaper illustration style, middle-aged European man, salt-and-pepper hair, short gray beard, calm serious face, newsletter template on screen with AI, dark background, 9:16 portrait","Newsletter.
Dreißig Minuten.","","Gepostet",""
"26.07.2026","18:00","Instagram","Reel","💌 Einen guten Newsletter schreiben.

Inhalt überlegen. Struktur aufbauen. Text formulieren. Betreffzeile testen. 📧

Das dauert. Wenn man es richtig machen will, manchmal Stunden.

Mit KI-Prompts brichst du das auf dreißig Minuten runter. Thema rein. Struktur raus. Text anpassen. Fertig. 💡

Schreib START und ich zeig dir die Prompts die ich selbst nutze.

#KI #Newsletter #EmailMarketing","https://sicher-weiterlesen.com/ki-prompt-paket","","","Cinematic B-Roll, email newsletter appearing complete on screen, subject line test result, efficient creation, 9:16 vertical format, photorealistic","Newsletter in
dreißig Minuten.","","Geplant",""
"27.07.2026","09:00","Instagram","Story","🧩 KI für Produktbeschreibungen die wirklich verkaufen. Nicht Merkmale. Nutzen. 💡

Schreib START.","https://sicher-weiterlesen.com/ki-prompt-paket","","","Editorial newspaper illustration style, middle-aged European man, salt-and-pepper hair, short gray beard, calm serious face, product description with conversion copy, dark background, 9:16 portrait","Beschreibung die
wirklich verkauft.","","Geplant",""
"27.07.2026","18:00","Instagram","Reel","🧩 Produktbeschreibungen die niemand liest.

Das Problem ist oft klar: sie beschreiben was das Produkt ist, nicht was der Kunde davon hat. 📝

Mit dem richtigen KI-Prompt bekommst du Beschreibungen die auf den Kundennutzen fokussiert sind. Überzeugend. Klar. Lesbar.

Du brauchst kein Texterhandwerk. Du brauchst den richtigen Prompt. 💡

Schreib START dann zeig ich dir wie.

#KI #Copywriting #Marketing","https://sicher-weiterlesen.com/ki-prompt-paket","","","Cinematic B-Roll, product description transforming from boring to compelling on screen, conversion-focused copy, 9:16 vertical format, photorealistic","Merkmale raus.
Nutzen rein.","","Geplant",""
"28.07.2026","09:00","Instagram","Story","🎯 KI kennt deine Zielgruppe wenn du ihr den richtigen Kontext gibst. Das ist der Schlüssel. 💡

Schreib START.","https://sicher-weiterlesen.com/ki-prompt-paket","","","Editorial newspaper illustration style, middle-aged European man, salt-and-pepper hair, short gray beard, calm serious face, target audience bullseye with AI analysis, dark background, 9:16 portrait","Zielgruppe verstehen.
KI hilft dabei.","","Geplant",""
"28.07.2026","18:00","Instagram","Reel","🎯 KI gibt dir schlechte Ergebnisse, wenn du ihr schlechte Anweisungen gibst.

Das klingt banal. Aber es ist der häufigste Fehler. 📝

Gute Ergebnisse beginnen damit: wer ist deine Zielgruppe, was ist das Problem, was ist das Ziel?

Wenn du das klar beschreibst, bekommst du Texte und Ideen die wirklich funktionieren. 💡

Das KI-Starter-Paket lehrt genau das. Schreib START.

#KIPrompts #Zielgruppe #Marketing","https://sicher-weiterlesen.com/ki-prompt-paket","","","Cinematic B-Roll, precise targeting visualization, bullseye being hit, AI-powered accuracy, clean graphic environment, 9:16 vertical format, photorealistic","Richtiger Kontext.
Richtiges Ergebnis.","","Geplant",""
"29.07.2026","09:00","Instagram","Story","⚡ KI als tägliches Werkzeug. Für die kleinen Aufgaben die Zeit fressen. 💡

Schreib START.","https://sicher-weiterlesen.com/ki-prompt-paket","","","Editorial newspaper illustration style, middle-aged European man, salt-and-pepper hair, short gray beard, calm serious face, daily task list with AI checkmarks, dark background, 9:16 portrait","Kleine Aufgaben.
KI erledigt sie.","","Geplant",""
"29.07.2026","18:00","Instagram","Reel","⚡ KI muss nicht für das große Projekt eingesetzt werden. 🤖

Anfangen mit den kleinen Dingen: E-Mail schnell formulieren. Idee kurz strukturieren. Meeting zusammenfassen.

Diese Kleinigkeiten fressen täglich Zeit. KI halbiert den Aufwand.

Wer das einmal gewohnt ist, fragt sich wie man vorher ohne ausgekommen ist. 💡

Schreib START wenn dich das interessiert.

#KI #Alltag #Produktivität","https://sicher-weiterlesen.com/ki-prompt-paket","","","Cinematic B-Roll, daily small tasks being knocked out quickly with AI assistance, satisfying efficiency, 9:16 vertical format, photorealistic","Kleine Zeitfresser.
KI macht kurzen Prozess.","","Geplant",""
"30.07.2026","09:00","Instagram","Story","🌟 Das KI-Starter-Paket: alles was du brauchst um morgen mit KI anzufangen. 📲

Schreib START.","https://sicher-weiterlesen.com/ki-prompt-paket","","","Editorial newspaper illustration style, middle-aged European man, salt-and-pepper hair, short gray beard, calm serious face, starter pack overview layout, dark background, 9:16 portrait","Starter-Paket.
Morgen loslegen.","","Geplant",""
"30.07.2026","18:00","Instagram","Reel","🌟 Das KI-Starter-Paket ist für Menschen die KI nutzen wollen ohne Tech-Profi zu sein. 🤖

Kein Vorwissen nötig. Keine Programmierkenntnisse. Kein teures Tool-Abo.

Du bekommst: die besten Einstiegs-Prompts, die nützlichsten kostenlosen Tools, und wie du das in deinen Alltag integrierst.

Klarer Start. Direkte Ergebnisse. 💡

Schreib START.

#KI #Starter #OnlineBusiness","https://sicher-weiterlesen.com/ki-prompt-paket","","","Cinematic B-Roll, beginner opening a starter kit, clear contents, immediate usability, encouraging light, 9:16 vertical format, photorealistic","Starter-Paket.
Direkt loslegen.","","Geplant",""
"31.07.2026","09:00","Instagram","Story","🎉 Letzter Juli-Tag. Wer jetzt mit KI anfängt hat im August schon einen Vorsprung. 🤖

Schreib START.","https://sicher-weiterlesen.com/ki-prompt-paket","","","Editorial newspaper illustration style, middle-aged European man, salt-and-pepper hair, short gray beard, calm serious face, head start visualization, dark background, 9:16 portrait","Heute anfangen.
Morgen Vorsprung.","","Geplant",""
"31.07.2026","18:00","Instagram","Reel","🎉 Ein Monat KI gelernt. Ein Monat KI ignoriert. Der Unterschied ist riesig. 💡

Nicht weil KI alles löst. Sondern weil die, die früh anfangen, früh die Fehler machen und früh die Routine aufbauen.

Wer wartet bis alle KI nutzen, kämpft dann gegen Leute die bereits ein Jahr Vorsprung haben. 🤖

Schreib START und fang heute an.

#KI #Anfangen #Einsteiger","https://sicher-weiterlesen.com/ki-prompt-paket","","","Cinematic B-Roll, two paths diverging, one labeled early adopter going upward, head start concept, motivational visual, 9:16 vertical format, photorealistic","Früh anfangen.
Früh voraus.","","Geplant",""
