Zeitstempel,Datum,Uhrzeit,Post-Typ,Plattform,Media-URL,Caption
"2026-06-23 17:50:51","23.06.2026","17:55","Foto","LinkedIn-Dropservice","https://raw.githubusercontent.com/anstock-58/instagram-autopilot/master/outputs/fotos-andi/foto_30jun_decoded.jpg","Was uns von klassischen Personalagenturen unterscheidet:

Wir arbeiten nicht mit Datenbanken voller alter Profile. Wir sprechen Kandidaten aktiv und persönlich an — dort wo sie gerade sind.

Das kostet uns mehr Aufwand. Aber die Trefferquote ist deutlich höher.

Und für dich als Unternehmen bedeutet das: weniger Zeit mit unpassenden Bewerbungen, mehr Gespräche mit echten Kandidaten.

Was wäre für euch der größte Unterschied? Schreib es in die Kommentare."
