Datum,Uhrzeit,Plattform,Text,Link,Bild-URL,Bildprompt,Status
27.04.2026,18:00,Instagram,"Kein Zusammenbruch. Kein Drama.
Nur dieser eine Moment, der nicht zu dir passt.

Du fährst dein Team an, wegen einer Kleinigkeit.
Oder du liegst nachts wach, Kopf auf Vollgas, und weißt nicht warum.
Oder du sitzt abends da, alles läuft, und trotzdem ist da diese Leere.

Das ist kein Burnout. Das ist kein Versagen.
Das ist der Körper, der dir etwas sagt, bevor der Kopf bereit ist, es zu hören. 📌

Wenn das bei dir gerade so klingt: schreib NEUSTART in die Kommentare. Ich melde mich.

#Funktionsmodus #Männerab50 #NeustartimKopf",https://sicher-weiterlesen.com/e-book-neustart-im-kopf,,"A tired but dignified man in his late 50s, sitting alone at his desk late at night, dim warm office light, looking out the window with a pensive expression, professional setting, no text, photorealistic, cinematic lighting, European appearance, short grey beard, salt and pepper hair",Geplant
29.04.2026,18:00,Facebook,"Ich habe alles. Und trotzdem fühle ich mich nicht frei. 🧱

Dieser Satz kommt selten laut. Er kommt morgens, kurz bevor der Tag startet.
Er kommt abends, wenn endlich Ruhe wäre, aber die Ruhe kommt nicht.

Jahrzehnte aufgebaut. Firma. Verantwortung. Verlässlichkeit.
Und jetzt sitzt du da und fragst dich, wann du aufgehört hast, ein Mensch zu sein, wann du einfach ein Träger geworden bist.

Das hat nichts mit Schwäche zu tun. 💡
Das hat damit zu tun, dass du zu lange zu viel getragen hast.

Wenn das bei dir gerade so klingt: schreib NEUSTART in die Kommentare. Ich melde mich.

#Neustart50 #Selbstführung #Unternehmer",https://sicher-weiterlesen.com/e-book-neustart-im-kopf,,"A successful-looking European man in his 50s sitting in a well-furnished living room, looking out a large window at dusk, golden hour light, calm but slightly melancholic expression, grey hair, no text, photorealistic, warm tones",Geplant
01.05.2026,18:00,Instagram,"Wie lange halte ich das noch durch?

Nicht laut. Nie laut. 🔴
Dieser Satz läuft im Hintergrund, während du im Meeting sitzt, während du mit dem Kunden telefonierst, während du lächelst.

Wenn der Kopf nachts nicht runterfährt.
Wenn du schneller gereizt bist als früher.
Wenn delegieren sich anfühlt wie Kontrollverlust.

Dann ist das kein Charakterproblem. 🎯
Das ist ein Nervensystem im Dauereinsatz.

Und das ist lösbar. Nicht durch mehr Disziplin. Durch Klarheit.

Wenn das bei dir gerade so klingt: schreib NEUSTART in die Kommentare. Ich melde mich.

#NeustartimKopf #Männerab50 #Führungskraft",https://sicher-weiterlesen.com/e-book-neustart-im-kopf,,"A European man in his late 50s in a business meeting, slightly distracted, professional suit, tired but composed expression, boardroom setting, colleagues blurred in background, no text, photorealistic, natural office lighting",Geplant
03.05.2026,18:00,Facebook,"Weniger Kaffee. Mehr Schlaf. Sport. ✅
Das weißt du. Das bringt dich nicht weiter.

Was wirklich hilft: einen einzigen Moment am Tag, in dem du nicht reagierst, sondern entscheidest.

Nicht meditieren. Nicht Yoga. 🎯
Einen Atemzug, bevor du antwortest.
Eine Pause, bevor du die Mail schickst.
Einen Abend, an dem du das Handy nicht checkst.

Das Nervensystem lernt nicht durch Erklärungen.
Es lernt durch wiederholte kleine Entscheidungen, jeden Tag.

Was machst du aktuell, um runterzukommen? Schreib es in die Kommentare. Oder schreib NEUSTART, wenn du einfach neu anfangen willst. Ich melde mich.

#Selbstführung #NeustartimKopf #Männerab50",https://sicher-weiterlesen.com/e-book-neustart-im-kopf,,"A calm European man in his 50s standing on a balcony or terrace, eyes gently closed, taking a deep breath, morning light, relaxed posture, city or nature in background, no text, photorealistic, peaceful atmosphere",Geplant
05.05.2026,18:00,Instagram,"Weißt du, wann du zum letzten Mal Nein gesagt hast? Ohne Rechtfertigung. 🛑

Nicht »Ich würde ja, aber...« Nicht »Im Moment leider nicht.«
Einfach: Nein.

Für Männer, die jahrzehntelang Verantwortung getragen haben, fühlt sich das fast unmöglich an.
Weil Nein sagen bedeutet: jemanden zu enttäuschen.
Und das haben sie sich nicht erlaubt.

Dabei ist Nein sagen keine Schwäche. 💡
Es ist Führung. Die wichtigste, die es gibt, die Führung über das eigene Leben.

Wenn das bei dir gerade so klingt: schreib NEUSTART in die Kommentare. Ich melde mich.

#Grenzen #Unternehmer50 #NeustartimKopf",https://sicher-weiterlesen.com/e-book-neustart-im-kopf,,"A confident European man in his late 50s sitting at a desk, calm and assertive expression, pen in hand, professional setting, warm office lighting, grey short beard, looking directly forward, no text, photorealistic",Geplant
07.05.2026,18:00,Instagram,"Ich habe 25 Jahre eine Firma geführt. 🏗️
25 Jahre funktioniert, geliefert, gehalten.

Dann hat meine Tochter einen schweren Unfall gehabt.
Und ich habe gelernt, was es bedeutet, nachts wach zu liegen, und morgens trotzdem stehen zu müssen.

Nicht weil ich stark bin.
Sondern weil Führungskräfte das tun. Weil Väter das tun. Weil du das tust.

Irgendwann war klar: Wenn ich das nicht neu ausrichte, endet das schlecht. 📌
Nicht als Firma. Als Mensch.

Das ist der Grund, warum ich heute tue, was ich tue.
Nicht aus Theorie. Aus einem echten Bruch und einer echten Neuordnung.

Wenn du gerade an deinem eigenen Punkt bist: schreib NEUSTART in die Kommentare. Ich melde mich.

#Geschichte #Neustart #Männerab50",https://sicher-weiterlesen.com/e-book-neustart-im-kopf,,"A dignified European man in his late 50s, sitting quietly in a calm room, thoughtful expression, slight strength in his posture, warm natural light from a window, short grey beard, salt and pepper hair, no text, photorealistic, documentary style",Geplant
09.05.2026,18:00,Facebook,"Souveränität bedeutet nicht, dass nichts mehr nervt. 🎯
Souveränität bedeutet, dass dich eine Krise nicht mehr aus der Spur wirft.

Du reagierst nicht, du entscheidest.
Du fährst nicht hoch, du bleibst klar.
Du weißt, was du trägst und was du abgibst.

Das ist kein Charakter. Das ist kein Talent.
Das ist eine Fähigkeit. Und Fähigkeiten kann man aufbauen. 💡

Nicht durch Motivation. Durch Stabilisierung und klare Schritte.

Wenn das bei dir gerade so klingt: schreib NEUSTART in die Kommentare. Ich melde mich.

#Souveränität #Selbstführung #NeustartimKopf",https://sicher-weiterlesen.com/e-book-neustart-im-kopf,,"A composed and calm European man in his late 50s standing in a doorway or by a window, confident upright posture, morning light, professional casual clothing, grey hair, serene expression, no text, photorealistic, warm natural tones",Geplant
